domess; domeno,ˈdomɛsː; ˈdomənʊ,n-m,[title of respect],L. dominus;
stell; stella,ʃtɛlː; ˈʃtɛlːɐ,n-f,star,L. stēlla;
lux; luce,luʃ; ˈluʃə,n-n,light,L. lūx;
sous; solo,sous; ˈsolʊ,n-m,sun,L. sōl;
nome; nomene,ˈnomə; ˈnomənə,n-n,name,L. nōmen;
au; aver,ˈau; ˈavər,v-x,to have; exist,L. habēre; used for perfect tense
teneo; tener,ˈtɛɲʊ; ˈtɛnər,v-x,to have; hold; grasp,L. tenēre;
nox; noce,nɔʃ; ˈnɔʃə,n-n,night,L. nox;
ocio,ɔʃʊ,n-x,eight,L. octō;
si,si,part,yes,L. sīc;
amo; amar,ˈamʊ; ˈamɐr,v-a,to love,L. amāre;
Lass; Lasso,ˈlɐsː; ˈlɐsːʊ,n-m,Latium,L. Latium;
Daumass; Daumassa,dauˈmɐsː; dauˈmɐsːɐ,n-f,Illyria; Dalmatia,L. Dalmatia;
Daumassass; Daumassano,daumɐˈsːɐsː; daumɐˈsːanʊ,n-m,male Illyrian or Dalmatian,Daumass + -ass; -ano;
Daumassan; Daumassana,daumɐˈsːan; daumɐˈsːanɐ,n-f,female Illyrian or Dalmatian,Daumass + -an; -ana;
Daumassan; Daumassane,daumɐˈsːan; daumɐˈsːanə,n-n,neuter Illyrian or Dalmatian,Daumass + -an; -ane;
Daumass; Daumasse,dauˈmɐsː; dauˈmɐsːə,n-n,the Illyrian language,Daumasse;
a,ɐ,prep,to; at,L. ad; homograph: á (have.3SG.PRS)
e,ɛ; ə,conj,and,L. et; homograph: è (COP.ESS.3SG.PRS)
o,ɔ,conj,or,L. aut; indicates exclusive or
veu,vjʊ,conj,or,L. vel; indicates inclusive or
cass; catto,kɐsː; ˈkɐtːʊ,n-m,male cat,L. cattus;
catt; catta,kɐtː; ˈkɐtːɐ,n-f,female cat,L. catta;
catt; catte,kɐtː; ˈkɐtːə,n-n,cat of unspecified gender,neuter of cass and catt;
pa; pai,pa; pai,n-n,bread,L. panis;
en,ɛn,prep,in; at; upon,L. in; expresses state; follow with the oblique
en,ɛn,prep,into; toward; until,L. in; expresses action; follow with the accusative
person; persone,pɛrˈson; pɛrˈsonə,n-n,person; human,L. persōna;
oss; omo,ɔsː; ˈɔmʊ,n-m,man; human,L. homō;
femen; femena,ˈfemɛn; ˈfemɛnɐ,n-f,woman,L. fēmina; femen is formal; mojer is colloquial
mojer; mojera,ˈmoʒɛr; ˈmoʒɛrɐ,n-f,woman,L. mulier; femen is formal; mojer is colloquial
sposs; sposso,ˈʃpɔsː; ˈʃpɔsːʊ,n-m,husband; male spouse,L. spōnsus;
sposs; spossa,ˈʃpɔsː; ˈʃpɔsːɐ,n-f,wife; female spouse,L. spōnsa;
sposs; sposse,ˈʃpɔsː; ˈʃpɔsːə,n-n,spouse,neuter of sposs;
pex; pesca,pɛʃ; ˈpɛʃkɐ,n-f,fish,L. piscis;
rex; rego,reʃ; ˈrejʊ,n-m,king; ruler,L. rēx;
regin; regina,ˈrein; ˈreinɐ,n-f,queen,L. rēgīna;
bebo; beber,ˈbebʊ; ˈbebər,v-e,drink,L. bibere;
regin; regine,ˈrein; ˈreinə,n-n,ruler,neuter of rex and regin;
poto; potar,ˈpotʊ; ˈpotɐr,v-a,drink; as liquor,L. pōtāre;
como; comer,ˈkɔmʊ; ˈkɔmər,v-e,eat,L. comedere;
vivo; viver,ˈvivʊ; ˈvivər,v-e,live,L. vīvere;
cua,kwɐ,conj,than,L. quam;
aucuno,auˈkunʊ,det-m,some; any,VL. alicūnus;
aucuna,auˈkunɐ,det-f,some; any,VL. alicūna;
aucune,auˈkunə,det-n,some; any,VL. alicūnum;
vit; vita,vit; ˈvitɐ,n-f,life,L. vīta;
anem; anema,ˈanɛm; ˈanɛmɐ,n-f,soul; spirit; mind,L. anima;
assi,ˈɐsːɪ,adv,like this; like that; thus; such,VL. ad sīc;
Rom; Roma,rom; ˈromɐ,n-f,Rome; Italy,L. Rōma;
Romass; Romano,rʊˈmɐsː; rʊˈmanʊ,n-m,male Roman,L. Rōmānus;
Roman; Romana,rʊˈman; rʊˈmanɐ,n-f,female Roman,L. Rōmāna;
Roman; Romane,rʊˈman; rʊˈmanə,n-n,Roman,neuter of Romans and Roman;
cas; casa,kas; ˈkasɐ,n-f,house; home,L. casa;
lejo; lejer,ˈleʒʊ; ˈleʒər,v-e,to read,L. legere;
por,pʊr,prep,for,VL. pōr;
per,pɛr,prep,through; by means of; during,L. per;
veno; venir,ˈvenʊ; ˈvenɪr,v-i,to come (as to the speaker),L. venīre;
vedo; veder,ˈvedʊ; ˈvedər,v-e,to see,L. vidēre;
ganio; ganiar,ˈgaɲʊ; ˈgaɲɐr,v-a,to win; as a competition or contest,VL. wadaniāre;
vecco; vecquer,ˈvɛkːʊ; ˈvɛkːər,v-e,to defeat; win; conquer,L. vincere;
devo; dever,ˈdevʊ; ˈdevər,v-e,to want; need; must; should,L. dēbēre;
moro; morir,ˈmɔrjʊ; ˈmɔrɪr,v-i,to die,LL. moriō;
macio; maciar,ˈmaʃʊ; ˈmaʃɐr,v-a,to kill,L. mactō;
mader; madra,ˈmadər; ˈmadrɐ,n-f,mother,L. māter;
pader; padro,ˈpadər; ˈpadrʊ,n-m,father; priest,L. pater;
paress; parette,pɐˈrɛsː; pɐˈrɛtːə,n-n,parent,L. parēns;
pora,ˈporɐ,prep,for [one]; from; through; by [a time],L. pro ad;
preparo; preparar,prɛˈparʊ; prɛˈparɐr,v-a,prepare; get ready,L. praeparō;
posso; poder,ˈpɔsːʊ; ˈpɔdər,v-x,can; may; to be able to,VL. potēre;
so; esser,so; ˈɛsːər,v-x,to be,L. esse; essence copula
sto; star,ʃtʊ; ʃtɐr,v-x,to be,L. stāre; state copula
vau; ir,vau; ɪr,v-x,to go,L. īre;
totto,ˈtɔtːʊ,det-m,all; whole,VL. tōttus;
totta,ˈtɔtːɐ,det-f,all; whole,VL. tōtta;
totte,ˈtɔtːə,det-n,all; whole,neuter of totto and totta;
de,də,prep,of; from; made of,L. dē;
sascio; sascir,ˈsɐʃːʊ; ˈsɐʃːir,v-i,to consecrate; establish,L. sancīre;
sascetto; sascetta; sascette,sɐˈʃːɛtːʊ; sɐˈʃːɛtːɐ; sɐˈʃːɛtːə,adj,holy,pres. part. of sascio;
facio; facer,ˈfaʃʊ; ˈfaʃər,v-x,to do; make,L. facere;
no,nʊ,part,[used before a verb to signify the negative],L. nōn;
acu; acua,ˈaku; ˈakwɐ,n-f,water,L. aqua;
fox; foco,fɔʃ; ˈfɔkʊ,n-m,fire,L. focus;
gesses,ˈʒɛsːəs,npl-n,people,L. gēns; plural only
com a,kʊm ɐ,prep,as; like,com a;
puro; pura; pure,ˈpurʊ; ˈpurɐ; ˈpurə,adj,pure,L. pūrus; pūra; pūrum;
mero; mera; mere,ˈmɛrʊ; ˈmɛrɐ; ˈmɛrə,adj,simple; sheer,L. merus; mera; merum;
mais,mɛs,conj,but,L. magis;
plus,plʊs,adv,more; [intensifier],L. plus; serves as the comparative and comparative superlative of adjectives
menor,meˈnor,adv,less,L. minor;
parvo; parva; parve,ˈparvʊ; ˈparvɐ; ˈparvə,adj,small; puny; stupid,L. parvus; parva; parvum;
suttilo; suttila; suttile,sʊˈtːilʊ; sʊˈtːilɐ; sʊˈtːilə,adj,precise; delicate; subtle,L. subtīlis; subtīle;
veness; veneno,vɛˈnɛsː; vɛˈnenʊ,n-m,poison,L. venēnum;
prox; proxo,proʃ; ˈproʃʊ,n-m,work; job; expertise,PS. porťa;
conosco; conoscer,koˈnɔskʊ; koˈnɔʃːər,v-e,to know (someone or something),L. cognōscō;
safo; safer,ˈsafʊ; ˈsafər,v-e,to know (a fact),VL. sapeō;
òi,ɔi,adv,today,VL. oie; homograph: oi (where)
or; ora,or; ˈorɐ,n-f,hour,L. hōra;
cestore,ʃɛˈʃtɔrə,adv,now,cesta ore;
aucucquis; aucucquio,auˈkʊkːɪs; auˈkʊkːjʊ,pron-m,someone (masculine),aucuns qui; aucuno qui;
aucucqui; aucucquia,auˈkʊkːɪ; auˈkʊkːjɐ,pron-f,someone (feminine),aucun qui; aucuna qui;
aucucqui; aucucquie,auˈkʊkːɪ; auˈkʊkːjə,pron-n,someone (neuter),aucun qui; aucune qui;
nomers; nomero,ˈnomərs; ˈnomərʊ,n-m,number,L. numerus;
lettre; lettra,ˈlɛtːrə; ˈlɛtːrɐ,n-f,letter; character,L. littera;
pesem; pesma,ˈpɛsəm; ˈpɛsmɐ,n-f,letter; message,PS. pisьmo;
paraul; paraula,paˈraul; paˈraulɐ,n-f,word,VL. paraula;
movo; mover,ˈmovʊ; ˈmovər,v-e,to move,L. moveō;
abasso; abassar,aˈbasːʊ; aˈbasːɐr,v-a,to advance,VL. abanteō;
com,kʊm,prep,with; alongside,L. cum; don't confuse with cóm (how)
duro; dura; dure,ˈdurʊ; ˈdurɐ; ˈdurə,adj,hard; rough; difficult,L. dūrus; dūra; dūrum;
bocc; bocca,ˈbɔkː; ˈbɔkːɐ,n-f,mouth,L. bucca;
boll; bolla,ˈbɔlː; ˈbɔlːɐ,n-f,ball,L. bulla;
loggo; logga; logge,ˈlɔgːʊ; ˈlɔgːɐ; ˈlɔgːə,adj,long,L. longus;
corto; corta; corte,ˈkɔrtʊ; ˈkɔrtɐ; ˈkɔrtə,adj,short,L. curtus;
soss; sonno,ˈsɔsː; ˈsɔnːʊ,n-m,sleep,L. somnus;
sonni; sonnio,ˈsɔnːɪ; ˈsɔnːjʊ,n-m,dream,L. somnium;
sonno; sonnar,ˈsɔnːʊ; ˈsɔnːɐr,v-a,to dream,L. somniō;
dormo; dormir,ˈdɔrmʊ; ˈdɔrmɪr,v-i,to sleep,L. dormiō;
bello; bella; belle,ˈbɛlːʊ; ˈbɛlːɐ; ˈbɛlːə,adj,beautiful; pleasant,L. bellus; bella; bellum;
sucer; sucro,ˈsuʃər; ˈsukrʊ,n-m,sugar,Ar. sukkar [translit.];
accordo; accordar,aˈkːɔrdʊ; aˈkːɔrdɐr,v-a,to make agree,VL. accordāre;
coccordo; coccordar,kɔˈkːɔrdʊ; kɔˈkːɔrdɐr,v-a,to agree,L. concordāre;
dessesso; dessettir,dɛˈsːɛsːʊ; dɛˈsːɛtːɪr,v-i,to disagree,L. dissentīre;
murs; muro,ˈmurs; ˈmurʊ,n-m,wall,L. mūrus;
auto; auta; aute,ˈautʊ; ˈautɐ; ˈautə,adj,high; tall,L. altus; alta; altum;
priscifi; priscifio,ˈprɪʃːɪfɪ; ˈprɪʃːɪfjʊ,n-m,beginning; start; origin; commencement,L. prīncipium;
Zos; Zo,zʊs; zʊ,n-m,God,L. Deus; singular-only
creo; crear,ˈkriʊ; ˈkreɐr,v-a,to create,L. creāre;
celi; cejo,ˈʃelɪ; ˈʃeʒʊ,n-m,sky; heaven,L. caelum;
terr; terra,tɛrː; ˈtɛrːɐ,n-f,earth; land; ground,L. terra;
sene,ˈsɛnə,prep,without,L. sine;
form; forma,ˈform; ˈformɐ,n-f,form; shape,L. fōrma;
voito; voita; voite,ˈvoitʊ; ˈvoitɐ; ˈvoitə,adj,empty,L. vocitus; vocita; vocitum;
bono; bona; bone,ˈbɔnʊ; ˈbɔnɐ; ˈbɔnə,adj,good,L. bonus; bona; bonum; this adjective comes before noun
malo; mala; male,ˈmalʊ; ˈmalɐ; ˈmalə,adj,bad,L. malus; mala; malum; this adjective comes before noun
obscuro; obscura; obscure,ɔbˈskurʊ; ɔbˈskurɐ; ɔbˈskurə,adj,dark,L. obscūrus; obscūra; obscūrum;
tenebras,tɛˈnɛbrɐs,npl-f,darkness,L. tenebrae;
fax; facia,faʃ; ˈfaʃɐ,n-f,face,VL. facia;
abiss; abisso,aˈbɪsː; aˈbɪsːʊ,n-m,abyss,LL. abyssus;
resfiro; resfirar,rɛˈʃfirʊ; rɛˈʃfirɐr,v-a,to breathe,L. respīrāre;
sfiress; sfireto,ˈʃfirəsː; ˈʃfirətʊ,n-m,spirit,L. spīritus;
volo; volar,ˈvɔlʊ; ˈvɔlɐr,v-a,to fly,L. volāre;
(se) volo; volar,ˈvɔlʊ; ˈvɔlɐr,v-a,to glide; hover; float (in the air),reflexive of volar;
sopra,ˈsoprɐ,prep,over; above; about,L. suprā;
tacio; tacier,ˈtaʃʊ; ˈtaʃər,v-e,to shut up,L. tacēre;
dico; dicer,ˈdikʊ; ˈdiʃər,v-e,to say; utter; speak,L. dīcere;
que,kə,conj,[indicates the imperative of verbs in certain situations],F. & P. & S. que; follow with the subjunctive - can be shortened to qu'
securo; secura; secure,ˈsekurʊ; ˈsekurɐ; ˈsekurə,adj,secure; safe; free from danger,L. sēcūrus; sēcūra; sēcūrum;
sano; sana; sane,ˈsanʊ; ˈsanɐ; ˈsanə,adj,sound; sane; healthy,L. sānus; sāna; sānum;
mouto; mouta; moute,ˈmoutʊ; ˈmoutɐ; ˈmoutə,adj,very; many; much,L. multus; multa; multum; this adjective comes before noun
rotoddo; rotodda; rotodde,rɔˈtɔdːʊ; rɔˈtɔdːɐ; rɔˈtɔdːə,adj,round; spherical,L. rotundus; rotunda; rotundum;
separo; separar,ˈsepɐrʊ; ˈsepɐrɐr,v-a,to divide; separate,L. sēparāre;
jamo; jamar,ˈʒamʊ; ˈʒamɐr,v-a,to call; name; refer to; to call; telephone,L. clāmāre;
zes; zeo,zes; zjʊ,n-m,day,L. diēs;
sers; sero,sers; ˈserʊ,n-m,evening,L. sēra;
manean; maneana,maˈɲan; maˈɲanɐ,n-f,morning,VL. māneāna;
cammiss; cammino,kɐˈmːɪsː; kɐˈmːinʊ,n-m,road; path; way,LL. cammīnus;
cammino; camminar,kɐˈmːinʊ; kɐˈmːinɐr,v-a,to walk,I. camminare; S. caminar; P. caminhar;
corro; correr,ˈkɔrːʊ; ˈkɔrːər,v-e,to run,L. currere;
soccous; soccolo,sɔˈkːous; sɔˈkːolʊ,n-m,clog,L. soccus + -olo;
cocorbet; cocorbeta,koˈkorbət; koˈkorbətɐ,n-f,gourd,L. cucurbita;
cocorbetou; cocorbetola,kokorbəˈtou; kokorbəˈtolɐ,n-f,zucchini,cocorbet + -ola;
adojo; adojar,aˈdoʒʊ; aˈdoʒɐr,v-a,to look at,VL. adoclāre;
cessero,ˈʃɛsːərʊ,adv,tonight,cesto sero;
veateci; veatecio,ˈvjatəʃɪ; ˈvjatəʃʊ,n-m,travel,L. viāticum;
veatecio; veateciar,ˈvjatəʃʊ; ˈvjatəʃɐr,v-a,to travel,veateci + -ar; as S. viaje > viajar;
Iddi; Izza,ˈɪdːɪ; ˈɪzːɐ,nsg-f,India,L. India;
brevo; breva; breve,ˈbrɛvʊ; ˈbrɛvɐ; ˈbrɛvə,adj,short; brief,L. brevis; breve;
en brevo; en breva; en breve,ɛn ˈbrɛvʊ; ɛn ˈbrɛvɐ; ɛn ˈbrɛvə,adv,soon,S. en breve; P. em breve; I. a breve;
torno; tornar,ˈtɔrnʊ; ˈtɔrnɐr,v-a,to turn,L. tornāre;
(se) torno; tornar,ˈtɔrnʊ; ˈtɔrnɐr,v-a,to return,reflexive of tornar;
stravo,ˈʃtravʊ,interj,hello,SC. zdrȁvo;
macco; macca; macque,ˈmakːʊ; ˈmakːɐ; ˈmakːə,adj,lost; missed (as someone),L. mancus; manca; mancum;
qui,ki,adv,here,VL. eccum hīc;
ella,ɛˈlːa,adv,there,L. illāc;
basso; bassa; basse,ˈbɐsːʊ; ˈbɐsːɐ; ˈbɐsːə,adj,low,L. bassus; bassa; bassum;
ellec,ɛˈlːɛk,adv,yonder,L. ad illinc; as P. além;
ebess; ebeno,ˈɛbɛsː; ˈɛbənʊ,n-m,ebony,L. hebenus;
martells; martello,marˈtɛlːs; marˈtɛlːʊ,n-m,hammer,L. martellus;
setells; setello,seˈtɛlːs; seˈtɛlːʊ,n-m,bucket,VL. sitellus;
larix; larice,ˈlarɪʃ; ˈlarɪʃə,n-n,larch,L. larix;
leni; lenie,ˈlenɪ; ˈleɲə,n-n,wood,L. lignum;
ciuv; ciuva,ˈʃuv; ˈʃuvɐ,n-f,forest,L. silva because i like silva :);
ivern; iverne,iˈvern; iˈvernə,n-n,winter,L. hībernum;
niv; nive,niv; ˈnivə,n-n,snow,L. nivem;
frido; frida; fride,ˈfridʊ; ˈfridɐ; ˈfridə,adj,cold,L. frīgidus; frīgida; frīgidum;
calido; calida; calide,ˈkalɪdʊ; ˈkalɪdɐ; ˈkalɪdə,adj,hot,L. calidus;
nav; nave,nav; ˈnavə,n-n,ship,L. nāvis;
bauss; baunio,ˈbɔsː; ˈbauɲʊ,n-m,bathroom,L. balneum;
lex; lecio,lɛʃ; ˈlɛʃʊ,n-m,bed,L. lectus;
appreddo; appredder,ɐˈprɛdːʊ; ɐˈprɛdːər,v-e,to learn,L. apprehendere;
iffass; iffatto,iˈfːasː; iˈfːatːʊ,n-m,boy,L. īnfāns;
iffatt; iffatta,iˈfːatː; iˈfːatːɐ,n-f,girl,feminine of iffass;
iffatt; iffatte,iˈfːatː; iˈfːatːə,n-n,child; baby; infant,neuter of iffass;
leggu; leggua,ˈlɛgːʊ; ˈlɛgːwɐ,n-f,tongue; language,L. lingua;
joco; jocar,ˈʒɔkʊ; ˈʒɔkɐr,v-a,to play; have fun,L. iocō; to play = jocar; to play with = jocar com
fijes; fijo,ˈfiʒəs; ˈfiʒʊ,n-m,son,L. fīlius;
serp; serpe,sɛrp; ˈsɛrpə,n-n,snake,VL. serpes;
rettil; rettile,rɛˈtːil; rɛˈtːilə,n-n,reptile,L. rēptilis;
ret; rete,ret; ˈretə,n-n,net; Internet,L. rēte;
virs; viro,virs; ˈvirʊ,n-m,virus,L. vīrus;
puem; puema,pwem; ˈpwemɐ,n-f,poem,L. poēma;
puess; pueto,pwɛsː; ˈpwetʊ,n-m,male poet,masculine; from L. poēta;
puet; pueta,pwet; ˈpwetɐ,n-f,female poet,feminine; from L. poēta;
puet; puete,pwet; ˈpwetə,n-n,poet of unspecified gender,neuter; from L. poēta;
pues; puese,pwes; ˈpwesə,n-n,poetry,L. poēsis;
ritmes; ritmo,ˈritməs; ˈritmʊ,n-m,rhythm,L. rhythmus;
lir; lira,lir; ˈlirɐ,n-f,lyre; lute,L. lyra;
argess; argetto,arˈʒɛsː; arˈʒɛtːʊ,n-m,silver; money,L. argentum;
biviotec; bivioteca,ˈbivjʊtek; bivjʊˈtekɐ,n-f,library,L. bibliothēca;
stass; stato,ʃtasː; ˈʃtatʊ,n-m,state; nation,L. status;
amix; amico,aˈmiʃ; aˈmikʊ,n-m,male friend,L. amīcus;
amic; amica,aˈmik; aˈmikɐ,n-f,female friend,L. amīca;
amic; amique,aˈmik; aˈmikə,n-n,friend of unspecified gender,neuter of amix and amic;
doss; dono,dɔsː; ˈdonʊ,n-m,gift; present,L. dōnum;
decorass; decorasso,dekʊˈrɐsː; dekʊˈrɐsːʊ,n-m,decoration,L. decorātiō;
decoro; decorar,ˈdekʊrʊ; ˈdekʊrɐr,v-a,to decorate,L. decorāre;
ojes; ojo,ˈɔʒəs; ˈɔʒʊ,n-m,eye,LL. oclus;
orej; oreja,ˈorəʒ; ˈorəʒɐ,n-f,ear,LL. ōricla;
nar; nare,nar; ˈnarə,n-n,nose,L. nāris;
musec; museca,ˈmusək; ˈmusəkɐ,n-f,music,L. mūsica;
scrivo; scriver,ˈʃkrivʊ; ˈʃkrivər,v-e,to write,L. scrībere;
pafirs; pafiro,paˈfirs; paˈfirʊ,n-m,paper,L. papȳrus;
ticce; ticcia,ˈtikʃə; ˈtikʃɐ,n-f,hue; tint,L. tīncta;
caux; caucia,kauʃ; ˈkauʃɐ,n-f,sock; stocking,VL. calcea;
vestit; vestito,vɛˈʃtit; vɛˈʃtitʊ,n-m,dress,L. vestītus;
fojes; fojo,ˈfɔʒəs; ˈfɔʒʊ,n-m,leaf; petal,L. folium;
verdo; verda; verde,ˈvɛrdʊ; ˈvɛrdɐ; ˈvɛrdə,adj,green,LL. virdis;
flor; flore,flor; ˈflorə,n-n,flower,L. flōs;
lij; lije,liʒ; ˈliʒə,n-n,lily,L. līlium;
afij; afija,ˈafɪʒ; ˈafɪʒɐ,n-f,bee,L. apicula;
frux; frucio,fruʃ; ˈfruʃʊ,n-m,fruit,L. frūctus;
ducio; ducia; duce,ˈduʃʊ; ˈduʃɐ; ˈduʃə,adj,sweet,L. dulcis;
sux; suco,suʃ; ˈsukʊ,n-m,juice; sap,L. sūcus;
sem; seme,sem; ˈsemə,n-n,seed,L. sēmen;
poss; pomo,pɔsː; ˈpomʊ,n-m,apple,L. pōmum;
oliv; oliva,ˈɔlɪv; ˈɔlɪvɐ,n-f,olive,L. olīva;
docc,dɔkː,adv,then; so,L. dunc;
surris; surrisa,sʊˈrːis; sʊˈrːisɐ,n-f,smile,L. subrīsa; as S. sonrisa;
develo; devela; devele,deˈvelʊ; deˈvelɐ; deˈvelə,adj,weak; frail; lacking vigor,L. dēbilis; dēbile;
streggo; stregguer,ˈʃtrɛgːʊ; ˈʃtrɛgːər,v-e,to tighten; grasp; shake (hands),L. stringere;
man; mana,man; ˈmanɐ,n-f,hand,L. manus;
stregguer la mana (de),ˈʃtrɛgːər lɐ ˈmanɐ,v-e,to shake hands (with),as I. stringere la mano;
ofiss; ofisso,ɔˈfɪsː; ɔˈfɪsːʊ,n-m,monkey,PS. opica;
nuccua,ˈnʊkːwɐ,adv,never,L. numquam;
banan; banana,baˈnan; baˈnanɐ,n-f,banana,S. banana;
grassa,ˈgrasːɐ,int,thank you,L. grātia; as S. gracias and I. grazie;
da,da,part,[colloquial] yes; yeah,PS. da;
saccies; saccio,ˈsakʃəs; ˈsakʃʊ,n-m,saint,L. sānctus;
sascifecato; sascifecata; sascifecate,ˈsɐʃːɪfəkatʊ; ˈsɐʃːɪfəkatɐ; ˈsɐʃːɪfəkatə,adj,sanctified; hallowed; made holy,past part. of sascifecar;
sascifeco; sascifecar,ˈsɐʃːɪfəkʊ; ˈsɐʃːɪfəkɐr,v-a,to sanctify; make holy,sascio + -feco; -fecar;
renies; renio,ˈreɲəs; ˈreɲʊ,n-m,kingdom; reign,L. rēgnum;
voluttad; voluttade,volʊˈtːad; volʊˈtːadə,n-n,wish; will,L. voluntās;
do; dar,dʊ; dɐr,v-a,to give,L. dare;
cat,kat,det,each; every,L. cata;
perdono; perdonar,pɛrˈdonʊ; pɛrˈdonɐr,v-a,to forgive; pardon,VL. perdōnāre;
offess; offessa,ɔˈfːɛsː; ɔˈfːɛsːɐ,n-f,offense; debt,L. offensa;
ven,ˈven,adv,well; right; exactly; precisely,L. bene;
cóvven,ˈkovːen,adv,too; also; as well,cóm ven; as S. también and P. também;
offeddo; offedder,ɔˈfːɛdːʊ; ɔˈfːɛdːər,v-e,to offend,L. offendere;
lacio; laciar,ˈlaʃʊ; ˈlaʃɐr,v-a,to let; allow,L. laxāre;
cajo; cajer,ˈkaʒʊ; ˈkaʒər,v-e,to fall,VL. cadēre;
tettass; tettasso,tɛˈtːɐsː; tɛˈtːɐsːʊ,n-m,temptation,L. temptātiō;
livro; livrar,ˈlivrʊ; ˈlivrɐr,v-a,to liberate; deliver,L. līberāre;
maus; malo,maus; ˈmalʊ,n-m,bad; evil,L. male;
porqui,pʊrˈki,conj,because; for,porqui (why); as I. perché; can be shortened to porqu'
poder; podro,ˈpɔdər; ˈpɔdrʊ,n-m,power; influence,VL. potēre; as I. potere; F. pouvoir; S. poder and P. poder;
jori; joria,ˈʒorɪ; ˈʒorjɐ,n-f,glory,L. glōria;
seppre,ˈsɛpːrə,adv,always,L. semper;
pora seppre,porɐ ˈsɛpːrə,adv,forever,pora sepper; as I. per sempre; S. para siempre and P. para sempre;
ame,ˈamə,adv,amen,L. āmēn;
felico; felica; felique,feˈlikʊ; feˈlikɐ; feˈlikə,adj,happy,L. fēlīx;
fino; finir,ˈfinʊ; ˈfinɪr,v-i,to finish [a task],L. fīnīre;
fineto; fineta; finete,fiˈnetʊ; fiˈnetɐ; fiˈnetə,adj,finished,past part. of finir;
traduco; traducer,traˈdukʊ; traˈduʃər,v-e,to translate,L. trādūcō;
traduscies; traduscio,traˈdʊʃːəs; traˈdʊʃːʊ,n-m,translation,L. trāductiō and -scies; -scio;
orass; orasso,oˈrɐsː; oˈrɐsːʊ,n-m,oration; prayer,L. ōrātiō;
senios; senio,ˈsɛɲʊs; ˈsɛɲʊ,n-m,lord [feudal master]; Lord [God],L. senior; capitalize the S when used in the sense of Lord [God]
ipporto; ipportar,ɪˈpːortʊ; ɪˈpːortɐr,v-a,to import; be important,L. importāre; as F. importer and I. importàre;
ipportato; ipportata; ipportate,ɪpːʊrˈtatʊ; ɪpːʊrˈtatɐ; ɪpːʊrˈtatə,adj,important,past part. of ipportar; as F. important;
termeno; termenar,ˈtermənʊ; ˈtermənɐr,v-a,to end; finish; complete,L. termināre;
gloss; glossa,ˈglɔsː; ˈglɔsːɐ,n-f,gloss [explanation],L. glōssa;
aucunor,auˈkunor,n-m,sometime,aucun or; as S. algún día and P. algum dia;
balle; ballena,bɐˈlːe; bɐˈlːenɐ,n-f,whale,L. ballaena;
casserou; casserola,kɐsːəˈrou; kɐsːəˈrolɐ,n-f,casserole; pan,F. casserole;
species; specio,ˈʃpeʃəs; ˈʃpeʃʊ,n-m,spice,L. speciēs; as F. épice and I. spezie;
specio; speciar,ˈʃpeʃʊ; ˈʃpeʃɐr,v-a,to spice; add spice to,species + -ar; as F. épicer and I. speziare;
speciato; speciata; speciate,ʃpeˈʃatʊ; ʃpeˈʃatɐ; ʃpeˈʃatə,adj,spicy,past part. of speciar; as F. épicé and I. speziato;
cort; corte,kort; ˈkortə,n-n,courtyard; backyard [shortening of cort-arretre],L. cōrs;
arretro; arretra; arretre,ɐˈrːɛtrʊ; ɐˈrːɛtrɐ; ɐˈrːɛtrə,adj,back,VL. ad retrō;
cort-arretre; corte-arretre,kortɐˈrːɛtrə; kortə.ɐˈrːɛtrə,n-n,backyard,cort arretre; as F. arrière-cour;
formic; formica,forˈmik; forˈmikɐ,n-f,ant,L. formīca;
iax; iaxe,jaʃ; ˈjaʃə,n-n,pant,SC. hlȁče;
bascio; basciar,ˈbɐʃːʊ; ˈbɐʃːɐr,v-a,to drop; lower; pull down,VL. bassiāre;
merd; merda,mɛrd; ˈmɛrdɐ,n-f; int,n-f: excrement; int: shit!,L. merda;
caco; cacar,ˈkakʊ; ˈkakɐr,v-a,to excrete; defecate,L. cacāre;
jardiss; jardino,ʒarˈdɪsː; ʒarˈdinʊ,n-m,garden,ML. jardīnus;
fin; fine,fin; ˈfinə,n-n,end; finish,L. fīnis;
copputo; copputar,kɔˈpːutʊ; kɔˈpːutɐr,v-a,to compute; calculate; count,L. computāre;
coppuss; copputo,kɔˈpːʊsː; kɔˈpːutʊ,n-m,computation; calculation; count,LL. computus;
en le fini del copputi,ɛn lə ˈfinɪ dəl kɔˈpːutɪ,adv,in the end,en le fini del computi; as F. en fin de compte and I. in fin dei conti;
solo; sola; sole,ˈsolʊ; ˈsolɐ; ˈsolə,adj; adv,adj: sole; alone; just one; adv: only; just,L. sōlus; sōla; sōlum;
provedo; proveder,ˈprɔvədʊ; ˈprɔvədər,v-e,to provide; supply,L. prōvidēre; with respect to veder;
(se) provedo; proveder,ˈprɔvədʊ; ˈprɔvədər,v-e,to stock up; supply oneself,reflexive of proveder;
aucou; aucole,auˈkou; auˈkolə,n-n,alcohol,L. alcohol;
potato; potata; potate,poˈtatʊ; poˈtatɐ; poˈtatə,adj,drunk; tipsy,past part. of potar; as P. bebido;
potat; potata,poˈtat; poˈtatɐ,n-f,alcoholic drink,from potata; as P. bebida;
Orvat; Orvata,orˈvat; orˈvatɐ,n-f,Croatia,PS. xъrvatъ; as R. arvat;
joc; joco,ˈʒɔk; ˈʒɔkʊ,n-m,game,L. iocus;
magazziss; magazzino,magɐˈzːɪsː; magɐˈzːinʊ,n-m,store; shop,I. magazzino;
graddo; gradda; gradde,ˈgrɐdːʊ; ˈgrɐdːɐ; ˈgrɐdːə,adj,big; large; grand; great,L. grandis; grande;
graddemette,ˈgrɐdːəmɛtːə,adv,largely; massively,graddo; gradda; gradde + -mette;
umano; umana; umane,uˈmanʊ; uˈmanɐ; uˈmanə,adj,human,L. hūmānus; hūmāna; hūmānum;
esser; estro,ˈɛsːər; ˈɛʃtrʊ,n-m,being; living thing,esser; as I. essere; F. être; S. ser; and P. ser;
nascio; nascer,ˈnɐʃːʊ; ˈnɐʃːər,v-e,to be born; grow [as an animal]; hatch,VL. nascĕre;
libero; libera; libere,ˈlibərʊ; ˈlibərɐ; ˈlibərə,adj,free,L. līber; lībera; līberum;
ecualo; ecuala; ecuale,eˈkwalʊ; eˈkwalɐ; eˈkwalə,adj,equal,L. aequālis; aequāle;
deniet; denieta,ˈdeɲət; ˈdeɲətɐ,n-f,dignity,L. dignitās;
denio; denia; denie,ˈdeɲʊ; ˈdeɲɐ; ˈdeɲə,adj,worthy; dignified,L. dignus; digna; dignum;
derecio; derecia; derecie,deˈreʃʊ; deˈreʃɐ; deˈreʃə,adj,straight; right,VL. dērēctus; dērēcta; dērēctum;
derex; derecio,deˈreʃ; deˈreʃʊ,n-m,right,VL. dērēctus; as all Romance languages;
cappestro; cappestra; cappestre,kɐˈpːɛʃtrʊ; kɐˈpːɛʃtrɐ; kɐˈpːɛʃtrə,adj,rural; country,L. campester; as S. campestre and P. campestre;
Anjeterr; Anjeterra,ˈanʒətɛrː; ˈanʒətɛrːɐ,n-f,England; [erroneous] the United Kingdom,L. Anglus + terr; as all Romance languages;
anjo; anja; anje,ˈanʒʊ; ˈanʒɐ; ˈanʒə,adj,English,L. Anglus;
doto; dotar,ˈdotʊ; ˈdotɐr,v-a,to endow; gift,L. dōtāre;
dotato; dotata; dotate,doˈtatʊ; doˈtatɐ; doˈtatə,adj,endowed; gifted; talented; skilled; adept,past part. of dotar; as S. dotado and P. dotado;
rass; rasso,rɐsː; ˈrɐsːʊ,n-m,reason; reasoning,L. ratiō;
coscietti; coscieccia,kɔʃːiˈɛtːɪ; kɔʃːiˈɛʃːɐ,n-f,conscience,L. cōnscientia;
agio; agir,ˈaʒʊ; ˈaʒɪr,v-e,to act,F. agir; as all Romance languages;
uno; una; une,ˈunʊ; ˈunɐ; ˈunə,pron,one,un; as all Romance languages;
autro; autra; autre,ˈautrʊ; ˈautrɐ; ˈautrə,det,other; another,L. alter; altera; alterum;
autro; autra; autre,ˈautrʊ; ˈautrɐ; ˈautrə,pron,other,L. alter; altera; alterum;
l'une l'autre; les unes les autres,ˈlunə ˈlautrə; ləs ˈunəs ləs ˈautrəs,pron,each other; one another,l'une l'autre; as most Romance languages; l'une l'autre is singular; les unes les autres is plural - prepositions go in between l'une and l'autre
frater; fratro,ˈfratər; ˈfratrʊ,n-m,brother,L. frāter;
sor; sora,sor; ˈsorɐ,n-f,sister,L. soror;
fraternetas; fraternetate,fraˈternətas; fraˈternətatə,n-f,brotherhood; fraternity,L. frāternitās;
pora com,ˈporɐ kʊm,prep,toward; concerning,P. pora com;
presidess; presidetto,ˈpresɪdɛsː; ˈpresɪdɛtːʊ,n-m,male president,L. praesidēns;
presidett; presidetta,ˈpresɪdɛtː; ˈpresɪdɛtːɐ,n-f,female president,L. praesidēns;
presidett; presidette,ˈpresɪdɛtː; ˈpresɪdɛtːə,n-n,president of unspecified gender,neuter of presidess and presidett;
venveneto,venvəˈnetʊ,adj; int,welcome,ven veneto; as all Romance languages;
ettorno (a),ɛˈtːornʊ,prep,around,en torno; as some Romance languages;
caus; causa,kaus; ˈkausɐ,n-f,thing,L. causa;
aucuna caus; aucuna causa,auˈkunɐ kaus; auˈkunɐ ˈkausɐ,n-f,anything; everything,aucuna caus;
el co; la co; le co,əl ko; lɐ ko; lə ko,pron,relative pronoun; i.e. which,el co; la co; le co; as some Romance languages;
cereber; cerebre,ʃeˈrebər; ʃeˈrebrə,n-n,brain,L. cerebrum;
pesso; pessar,ˈpɛsːʊ; ˈpɛsːɐr,v-a,to think,L. pēnsāre;
eccottro; eccottrar,ɛˈkːɔtːrʊ; ɛˈkːɔtːrɐr,v-a,to find,LL. incontrāre;
eccottrato; eccottrata; eccottrate,ɛkːɔˈtːratʊ; ɛkːɔˈtːratɐ; ɛkːɔˈtːratə,adj,found,past part. of eccottrar;
per; pera,per; ˈperɐ,n-f,pear,VL. pira;
ceresi; cerecia,ʃeˈresɪ; ʃeˈreʃɐ,n-f,cherry,LL. ceresia;
strat; strata,ʃtrat; ˈʃtratɐ,n-f,road; street; neighborhood,L. strāta;
pax; pace,paʃ‚ ˈpaʃə,n-n,peace,L. pāx;
sereno; serena; serene,seˈrenʊ; seˈrenɐ; seˈrenə,adj,serene,L. serēnus; serēna; serēnum;
caumo; cauma; caume,ˈkaumʊ; ˈkaumɐ; ˈkaumə,adj,calm; tranquil,L. cauma;
domestico; domestica; domestique,doˈmɛʃtɪkʊ; doˈmɛʃtɪkɐ; doˈmɛʃtɪkə,adj,domesticated,L. domesticus; domestica; domesticum;
lax; lace,laʃ; ˈlaʃə,n-n,milk,VL. lactem;
can; cane,kan; ˈkanə,n-n,dog,L. canis;
ov; ove,ov; ˈovə,n-n,egg,L. ōvum;
òv; òve,ɔv; ˈɔvə,n-n,sheep,L. ovis;
vacc; vacca,vɐkː; ˈvɐkːɐ,n-f,cow,L. vacca;
bovs; bovo,bɔvs; ˈbɔvʊ,n-m,bull; ox,L. bōs;
caballs; caballo,kaˈbɐlːs; kaˈbɐlːʊ,n-m,horse,L. caballus;
caballares; caballario,kabɐˈlːarəs; kabɐˈlːarjʊ,n-m,horseman,L. caballārius;
estore; estorea,ɛˈʃtɔrə; ɛˈʃtɔrjɐ,n-f,history,L. historia;
monumett; monumette,monʊˈmɛtː; monʊˈmɛtːə,n-n,monument,L. monumentum;
castell; castelle,kaˈʃtɛlː; kaˈʃtɛlːə,n-n,castle,L. castellum;
muse; muce,ˈmusə; ˈmuʃə,n-n,museum,L. mūsēum;
soli; soje,ˈsɔlɪ; ˈsɔʒə,n-n,seat; chair,L. solium;
nasso; nassone,ˈnɐsːʊ; ˈnɐsːʊnə,n-n,nation,L. nātiō;
palati; palasse,paˈlatɪ; paˈlɐsːə,n-n,palace,L. palātium;
monasteri; monasterie,monɐˈʃterɪ; monɐˈʃterjə,n-n,monastery,L. monastērium;
plagi; plagia,ˈplaʒɪ; ˈplaʒɐ,n-f,beach,ML. plagia;
udd; udda,ʊdː; ˈʊdːɐ,n-f,wave,L. unda;
aren; arena,aˈren; aˈrenɐ,n-f,sand,L. arēna;
rocc; rocca,rɔkː; ˈrɔkːɐ,n-f,rock,ML. rocca;
mar; mare,mar; ˈmarə,n-n,sea,L. mare;
stani; stanie,ˈʃtanɪ; ˈʃtaɲə,n-n,pool; pond,L. stāgnum;
pes; pede,pes; ˈpedə,n-n,foot,L. pēs;
pass; passo,pɐsː; ˈpɐsːʊ,n-m,step; pace,L. passus;
celebrasso; celebrassone,ʃeləˈbrɐsːʊ; ʃeləˈbrɐsːʊnə,n-n,celebration,L. celebrātiō;
rufio; rufia; rufie,ˈrufjʊ; ˈrufjɐ; ˈrufjə,adj,red,L. rubeus; rubea; rubeum;
erb; erba,ɛrb; ˈɛrbɐ,n-f,herb,L. herba;
natur; natura,ˈnatʊr; ˈnatʊrɐ,n-f,nature,L. nātūra;
besti; bescia,ˈbeʃtɪ; ˈbɛʃːɐ,n-f,beast,L. bēstia;
pesco; pescar,ˈpɛʃkʊ; ˈpɛʃkɐr,v-a,to fish,VL. piscāre;
arane; arania,aˈranə; aˈraɲɐ,n-f,spider,L. arānea;
color; colore,koˈlor; koˈlorə,n-n,color,L. color;
Bosni; Bosnia,ˈbɔsnɪ; ˈbɔsɲɐ,n-f,Bosnia,as F. Bosnie; P. Bósnia; and R. Bosnia;
Ersegovin; Ersegovina,ersəgoˈvin; ersəgoˈvinɐ,n-f,Herzegovina,SC. Hèrcegovina;
Bosni e Ersegovin; Bosnia e Ersegovina,ˈbɔsni ə ersəgoˈvin; ˈbɔsɲɐ ə ersəgoˈvinɐ,n-f,Bosnia and Herzegovina,Bosni e Ersegovin;
Sloveni; Slovenia,ʃloˈvenɪ; ʃloˈveɲɐ,n-f,Slovenia,SC. Slòvēnija;
Servi; Servia,ˈservɪ; ˈservjɐ,n-f,Serbia,SC. Sr̀bija;
mott; motte,mɔtː; ˈmɔtːə,n-n,mountain,L. mōns;
negro; negra; negre,ˈnɛgrʊ; ˈnɛgrɐ; ˈnɛgrə,adj,black,L. niger; nigra; nigrum;
Mottneger; Mottnegre,ˈmɔtːnɛgər; ˈmɔtːnɛgrə,n-n,Montenegro,mott + negre; as R. Muntenegru;
Aubani; Aubania,auˈbanɪ; auˈbaɲɐ,n-f,Albania,AG. Albaníā;
Kosov; Kosovo,ˈkɔsɔv; ˈkɔsɔvʊ,n-m,Kosovo,SC. Kȍsovo;
nors; nordo,nɔrs; ˈnɔrdʊ,n-m,north,F. nord;
nordo; norda; norde,ˈnɔrdʊ; ˈnɔrdɐ; ˈnɔrdə,adj,north,from nors; nordo;
suss; sudo,sʊsː; ˈsudʊ,n-m,south,F. sud;
sudo; suda; sude,ˈsudʊ; ˈsudɐ; ˈsudə,adj,south,from suss; sudo;
uess; uesto,wɛsː; ˈwɛʃtʊ,n-m,west,F. ouest;
uesto; uesta; ueste,ˈwɛʃtʊ; ˈwɛʃtɐ; ˈwɛʃtə,adj,west,from uess; uesto;
ess; esto,ɛsː; ˈɛʃtʊ,n-m,east,F. est;
esto; esta; este,ˈɛʃtʊ; ˈɛʃtɐ; ˈɛʃtə,adj,east,from ess; esto;
Macedoni; Macedonia,maʃəˈdonɪ; maʃəˈdoɲɐ,n-f,Macedonia,AG. Makedoníā;
Macedoni del Nordi; Macedonia del Nordi,maʃəˈdonɪ dəl ˈnɔrdɪ; maʃəˈdoɲɐ dəl ˈnɔrdɪ,n-f,North Macedonia,Macedoni del Nordi; as all Romance languages;
Itali; Itaja,iˈtali; iˈtaʒɐ,n-f,Italy,L. Ī̆talia;
Spalat; Spalate,ʃpaˈlat; ʃpaˈlatə,n-n,Split (city),L. Spalatum;
Sagravi; Sagravia,saˈgravɪ; saˈgravjɐ,n-f,Zagreb,L. Zagrabia;
flume; flumene,ˈflumə; ˈflumənə,n-n,river; Rijeka,L. flūmen; calque of SC. Rijéka;
Iader; Iadera,ˈjadər; ˈjadərɐ,n-f,Zadar,L. Ĭādera;
Ciuvgradd; Ciuvgradda,ˈʃuvgrɐdː; ˈʃuvgrɐdːɐ,n-f,Velika Gorica,ciuv gradda;
Pul; Pula,pul; ˈpulɐ,n-f,Pula,SC. Púla;
Carou; Carolo,ˈkarou; ˈkarʊlʊ,n-m,Carl,L. Carolus;
stazz; stazze,ʃtɐzː; ˈʃtɐzːə,n-m,stadium,L. stadium;
Caroustazz; Caroustazze,ˈkarouʃtɐzː; ˈkarouʃtɐzːə,n-n,Karlovac,Carou stazz;
Sivinic; Sivinique,siˈvinɪk; siˈvinɪkə,n-n,Šibenik,L. Sibinicum;
Ragusi; Ragucia,raˈgusɪ; raˈguʃɐ,n-f,Dubrovnik,L. Ragusia;
Sisci; Siscia,ˈsɪʃːɪ; ˈsɪʃːɐ,n-f,Sisak,L. Siscia;
torr; torre,tɔrː; ˈtɔrːə,n-n,tower,L. turris;
isto; ista; iste,ˈɪʃtʊ; ˈɪʃtɐ; ˈɪʃtə,adj,same,PS. jìstъ;
oriett; oriette,ɔˈrjɛtː; ɔˈrjɛtːə,n-n,east,L. oriēns;
orietto; orietta; oriette,ɔˈrjɛtːʊ; ɔˈrjɛtːɐ; ɔˈrjɛtːə,adj,east,from oriett; oriette;
megro; megrar,ˈmɛgrʊ; ˈmɛgrɐr,v-a,to migrate,L. migrāre;
emegro; emegrar,ˈeməgrʊ; ˈeməgrɐr,v-a,to emigrate,L. ēmigrāre;
plano; plana; plane,ˈplanʊ; ˈplanɐ; ˈplanə,adj,flat; level; even; straightforward; simple,L. plānus; plāna; plānum;
planix; planice,plaˈniʃ; plaˈniʃə,n-n,plain,L. plānitiēs;
avito; avitar,ˈavɪtʊ; ˈavɪtɐr,v-a,to reside,L. habitāre;
stavijo; stavilir,ʃtaˈviʒʊ; ʃtaˈvilɪr,v-i,to establish,L. stabilīre;
tej; teja,teʒ; ˈteʒɐ,n-f,tile; brick,VL. tegla;
coco; coquer,ˈkokʊ; ˈkokər,v-e,to cook; bake,VL. cocere;
servo; servir,ˈsɛrvʊ; ˈsɛrvɪr,v-i,to serve,L. servīre;
peter; petra,ˈpɛtər; ˈpɛtrɐ,n-f,stone; rock,L. petra;
bitume; bitumene,biˈtumə; biˈtumənə,n-n,bitumen,L. bitūmen;
cemett; cemette,ʃɛˈmɛtː; ʃɛˈmɛtːə,n-n,cement,L. caementum;
edifico; edificar,eˈdifɪkʊ; eˈdifɪkɐr,v-a,to build,L. aedificāre;
civitat; civitate,ʃivɪˈtat; ʃivɪˈtatə,n-n,city; town,L. cīvitās;
el cujo; la cuja; le cuje,əl ˈkuʒʊ; lɐ ˈkuʒɐ; lə ˈkuʒə,det,relative pronoun; i.e. whose,L. cuius; as I. cui; S. cuyo; and P. cujo;
cim; cima,ʃim; ˈʃimɐ,n-f,peak; summit; top,L. cȳma; as F. cime; I. cima; and S. cima;
tocco; toccar,ˈtɔkːʊ; ˈtɔkːɐr,v-a,to touch,VL. tuccāre;
sé,se,conj,if,L. sē and L. sī;
disperso; dispersar,dɪˈspɛrsʊ; dɪˈspɛrsɐr,v-a,to scatter; disperse,L. dispersus;
(se) disperso; dispersar,dɪˈspɛrsʊ; dɪˈspɛrsɐr,v-a,to be scattered; dispersed,reflexive of dispersar;
asceddo; ascedder,ɐˈʃːɛdːʊ; ɐˈʃːɛdːər,v-e,to ascend,L. ascendere;
desceddo; descedder,dɛˈʃːɛdːʊ; dɛˈʃːɛdːər,v-e,to descend,L. dēscendere;
popous; popolo,pɔˈpous; pɔˈpolʊ,n-m,people; nation,L. populus;
formo; formar,ˈformʊ; ˈformɐr,v-a,to shape; form,L. fōrmāre;
ofer; ofera,ˈɔfər; ˈɔfərɐ,n-f,work; exertion; effort,L. opera;
ippedo; ippedir,ɪˈpːedʊ; ɪˈpːedɪr,v-i,to impede,L. impedīre;
nullo; nulla; nulle,ˈnʊlːʊ; ˈnʊlːɐ; ˈnʊlːə,pron,nothing,L. nūllus; nūlla; nūllum;
progetto; progettar,proˈʒɛtːʊ; proˈʒɛtːɐr,v-a,to project; propose,I. progettàre;
coffuddo; coffudder,kɔˈfːʊdːʊ; kɔˈfːʊdːər,v-e,to confuse; confound,L. cōnfundere;
(se) coffuddo; coffudder,kɔˈfːʊdːʊ; kɔˈfːʊdːər,v-e,to be confused; confounded,reflexive of coffuddar;
coppreddo; coppredder,kɔˈpːrɛdːʊ; kɔˈpːrɛdːər,v-e,to comprehend; understand,L. comprehendere;
cesso; cessar,ˈʃɛsːʊ; ˈʃɛsːɐr,v-a,to cease; pause; stop; leave off,L. cessāre;
(se) jamo; jamar,ˈʒamʊ; ˈʒamɐr,v-a,to be called; named; referred to,L. clāmāre;
ovvio; ovvia; ovvie,ˈɔvːjʊ; ˈɔvːjɐ; ˈɔvːjə,adj,obvious,L. obvius; obvia; obvium;
ovviemette,ˈɔvːjəmɛtːə,adv,obviously; of course,ovvie + -mette;
fori; foria,ˈfori; ˈforjɐ,n-f,fury; anger; rage,L. furia;
foro; foriar,ˈforʊ; ˈforjɐr,v-a,to rage; be angry; furious,fori + -ar;
foriato; foriata; foriate,foˈrjatʊ; foˈrjatɐ; foˈrjatə,adj,furious,past part. of foriar;
mem; meme,mem; ˈmemə,n-n,meme (unit of cultural importance); Internet meme,E. meme;
vess; vetto,vɛsː; ˈvɛtːʊ,n-m,wind,L. ventus;
bore; borea,ˈbɔrə; ˈbɔrjɐ,n-f,north wind,L. boreās and SC. bȕra;
jogs; jogo,ʒogs; ˈʒogʊ,n-m,south wind,SC. jȕgo;
discusso; discusser,diʃˈkʊsːʊ; diʃˈkʊsːər,v-e,to discuss; argue; dispute,L. discutere;
el quem; la quem; le quem,əl ˈkɛm; lɐ ˈkɛm; lə ˈkɛm,pron,relative pronoun; i.e. who; whom,L. quem;
forto; forta; forte,ˈfɔrtʊ; ˈfɔrtɐ; ˈfɔrtə,adj,strong; powerful,L. fortis; forte;
veateciors; veatecioro,ˈvjatəʃɔrs; ˈvjatəʃɔrʊ,n-m,male traveler,veateci + -tors; -toro;
veatecior; veateciora,ˈvjatəʃɔr; ˈvjatəʃɔrɐ,n-f,female traveler,veateci + -trix; -tricia;
veatecior; veateciore,ˈvjatəʃɔr; ˈvjatəʃɔrə,n-n,traveler of unspecified gender,veateci + -tro; -tre;
venello; venellar,vɛˈnɛlːʊ; vɛˈnɛlːɐr,v-a,to arrive; come here,venir ella;
vouvo; vouver,ˈvouvʊ; ˈvouvər,v-e,to roll,L. volvō;
evvouvo; evvouver,ɛˈvːouvʊ; ɛˈvːouvər,v-e,to involve; wrap [something] around,L. involvere; morphologically en + vouver;
(s') evvouvo; evvouver,ɛˈvːouvʊ; ɛˈvːouvər,v-e,to be involved; wrapped around; engage,reflexive of evvouver;
s'evvouveto; s'evvouveta; s'evvouvete,sɛvːouˈvetʊ; sɛvːouˈvetɐ; sɛvːouˈvetə,adj,involved; wrapped around,past part. of s'evvouver;
mattell; mattelle,mɐˈtːɛlː; mɐˈtːɛlːə,n-n,cloak; cape,L. mantellum;
cuilli,ˈkwɪlːɪ,pron,the one,VL. eccum ille;
tollo; toller,ˈtɔlːʊ; ˈtɔlːər,v-e,to lift; remove,L. tollere;
cossidro; cossidrar,kɔˈsːidrʊ; kɔˈsːidrɐr,v-a,to consider,L. cōnsīderāre;
cossidrato; cossidrata; cossidrate,kɔsːɪˈdratʊ; kɔsːɪˈdratɐ; kɔsːɪˈdratə,adj,considered; named,past part. of cossidrar;
sofflo; sofflar,ˈsɔfːlʊ; ˈsɔfːlɐr,v-a,to blow,L. sufflāre;
renusso; renussar (a),rɛˈnʊsːʊ; rɛˈnʊsːɐr,v-a,to reject; retract; renounce; give up [on something],L. renūntiāre;
tettativs; tettativo,tɛtːɐˈtivs; tɛtːɐˈtivʊ,n-m,attempt; try,L. *tentātīvus;
brillo; brillar,ˈbrɪlːʊ; ˈbrɪlːɐr,v-a,to shine,I. brillàre;
calidemette,kalɪdəˈmɛtːə,adv,warmly,calide + -mette; as S. calurosamente;
immezzato; immezzata; immezzate,ɪmːɛˈzːatʊ; ɪmːɛˈzːatɐ; ɪmːɛˈzːatə,adj,immediate,LL. immediātus; immediāta; immediātum;
immezzatemette,ɪmːɛzːatəˈmɛtːə,adv,immediately,immezzate + -mette;
ametto; ametter,aˈmɛtːʊ; aˈmɛtːər,v-e,to admit; confess,L. admittere;
ettre,ˈɛtːrə,prep,between; among; during; while,L. inter;
eccredevelo; eccredevela; eccredevele,ɛkːrɛdəˈvelʊ; ɛkːrɛdəˈvelɐ; ɛkːrɛdəˈvelə,adj,unbelievable; incredible,L. incrēdibilis; incrēdibile;
aidux; aiduco,aiˈduʃ; aiˈdukʊ,n-m,outlaw; criminal; thief,SC. hàjdūk;
palacikk; palacikka,palɐˈʃɪkː; palɐˈʃɪkːɐ,n-f,pancake,SC. palačínka; inspired by G. palatschinken;
Sudesco; Sudesca; Sudesque,suˈdɛʃkʊ; suˈdɛʃkɐ; suˈdɛʃkə,adj,German,L. theodiscus; theodisca; theodiscum;
Sudesc; Sudesca,suˈdɛʃk; suˈdɛʃkɐ,n-m,Germany,Sudesco;
iggrezzess; iggrezzeto,ɪgːrɛˈzːɛsː; ɪgːrɛˈzːetʊ,n-m,ingredient,L. ingrediēns;
tass; tassa,tɐsː; ˈtɐsːɐ,n-f,cup; mug; cup (unit of measure),I. tazza;
cojear; cojeare,ˈkɔʒjɐr; ˈkɔʒjɐrə,n-n,spoon,L. cochlear;
Suex; Suecia,sweʃ; ˈsweʃɐ,n-f,Sweden,L. Suecia;
cojearett; cojearette,kɔʒjɐˈrɛtː; kɔʒjɐˈrɛtːə,n-n,teaspoon; small spoon,cojear + -ette; as I. cucchiaino and S. cucharadita;
cojearon; cojearone,kɔʒjɐˈron; kɔʒjɐˈronə,n-n,tablespoon; large spoon,cojear + -one; as I. cucchiaia and S. cucharada;
Suisser; Suissera,ˈswɪsːər; ˈswɪsːərɐ,n-f,Switzerland,I. Svizzera;
vanij; vanija,vaˈniʒ; vaˈniʒɐ,n-f,vanilla,I. vaniglia;
osso; ossone,ɔˈsːo; ɔˈsːonə,n-n,option; choice,L. optiō;
ossonalo; ossonala; ossonale,ɔsːʊˈnalʊ; ɔsːʊˈnalɐ; ɔsːʊˈnalə,adj,optional,osso + -alo; -ala; -ale;
farin; farina,faˈrin; faˈrinɐ,n-f,ground corn; flour,L. farīna;
gutt; gutta,gʊtː; ˈgʊtːɐ,n-f,drop; dash,L. gutta;
sau; sale,sau; ˈsalə,n-n,salt,L. sāl;
butir; butire,buˈtir; buˈtirə,n-n,butter,L. būtȳrum;
istruscies; istruscio,ɪˈʃtrʊʃːəs; ɪˈʃtrʊʃːʊ,n-m,instruction; guidance,L. īnstrūctiō;
calido; calidar,ˈkalɪdʊ; ˈkalɪdɐr,v-a,to heat; warm,calido; calida; calide + -ar; as S. calentar;
fors; forno,fors; ˈfornʊ,n-m,oven,L. furnus;
fuddo; fudder,ˈfʊdːʊ; ˈfʊdːər,v-e,to smelt; melt; thaw,L. fundere; intransitive (the butter melted) - to make transitive (I melted the butter); conjugate facer first and make fudder the infinitive
itterero; itterera; itterere,ɪtːəˈrerʊ; ɪtːəˈrerɐ; ɪtːəˈrerə,adj,interior,L. interior;
itterers; itterero,ɪtːəˈrer; ɪtːəˈrerʊ,n-m,interior,itterero;
au itterero,ɔ ɪtːəˈrerʊ,adv; prep,inside,au itterero;
misio; misiar,ˈmiʃjʊ; ˈmiʃjɐr,v-a,to mix; whisk; wiggle; move around; confuse,VL. misclāre;
tasso; tassona,tɐˈsːo; tɐˈsːonɐ,n-f,bowl; large cup,tassa + -ona; as S. tazón;
frullo; frullar,ˈfrʊlːʊ; ˈfrʊlːɐr,v-a,to whisk; blend,I. frullàre;
tess; teppo,ˈtɛsː; ˈtɛpːʊ,n-m,time,L. tempus;
minuto; minuta; minute,ˈminʊtʊ; ˈminʊtɐ; ˈminʊtə,adj,small; tiny; minute,L. minūtus; minūta; minūtum;
minuss; minuto,ˈminʊsː; ˈminʊtʊ,n-m,minute (unit of time),minuto;
secoss; secoddo,sɛˈkɔsː; sɛˈkɔdːʊ,n-m,second (unit of time),secoddo;
setteman; settemana,sɛtːəˈman; sɛtːəˈmanɐ,n-f,week,LL. septimāna;
mess; messe,mɛsː; ˈmɛsːə,n-n,month,L. mēnsis;
ans; anno,ans; ˈɐnːʊ,n-m,year,L. annus;
decenni; decennie,dɛˈʃɛnːɪ; dɛˈʃɛɲːə,n-n,decade,L. decennium; as I. decennio;
millenni; millennie,mɪˈlːɛnːɪ; mɪˈlːɛɲːə,n-n,millennium,L. mīllennium;
millisecoss; millisecoddo,mɪˈlːɪsəkɔsː; mɪˈlːɪsəkɔdːʊ,n-m,millisecond,milli- + secoss;
microsecoss; microsecoddo,mɪˈkrɔsəkɔsː; mɪˈkrɔsəkɔdːʊ,n-m,microsecond,micro- + secoss;
grass; grado,grɐsː; ˈgradʊ,n-m,degree (unit of angle/temperature),L. gradus;
Celsius,ˈʃɛlʃjʊs,n-x,Celsius scale of temperature,Anders Celsius;
flamm; flamma,flɐmː; ˈflɐmːɐ,n-f,flame,L. flamma;
colonn; colonna,kɔˈlɔnː; kɔˈlɔnːɐ,n-f,column; tower,L. columna;
fuss; fumo,fʊsː; ˈfumʊ,n-m,smoke,L. fūmus;
ciner; cinere,ʃiˈner; ʃiˈnerə,n-n,ash; dust,L. cinis;
brucio; bruciar,ˈbruʃʊ; ˈbruʃɐr,v-a,to burn,I. bruciàre; intransitive
air; aira,ˈair; ˈairɐ,n-f,air,L. āēr;
mojo; mojar,ˈmɔʒʊ; ˈmɔʒɐr,v-a,to soak; rain,VL. molliāre;
mojato; mojata; mojate,mɔˈʒatʊ; mɔˈʒatɐ; mɔˈʒatə,adj,wet; soaked,past part. of mojar;
puv; puve,puv; ˈpuvə,n-n,dust; powder,L. pulvis;
puvo; puver,ˈpuvʊ; ˈpuvər,v-e,to pulverize; collapse; crumble; decay; rot,puv + -er;
secco; secca; secque,ˈsɛkːʊ; ˈsɛkːɐ; ˈsɛkːə,adj,dry,L. siccus; sicca; siccum;
trassformo; trassformar,trɐsːˈformʊ; trɐsːˈformɐr,v-a,to transform; turn (into); become,L. trānsfōrmāre; to transform = trassformar; to transform into = trassformar en (oblique form)
(se) trassformo; trassformar,trɐsːˈformʊ; trɐsːˈformɐr,v-a,to be transformed; turned (into),reflexive of trassformar; to transform = trassformar; to transform into = trassformar en (oblique form)
scittill; scittilla,ʃːɪˈtːɪlː; ʃːɪˈtːɪlːɐ,n-f,spark; glimmer,L. scintilla;
lagguido; lagguida; lagguide,lɐˈgːidʊ; lɐˈgːidɐ; lɐˈgːidə,adj,languid,L. languidus; languida; languidum (learned);
lagguidemette,lɐgːidəˈmɛtːə,adv,languidly,lagguide + -mette;
ardo; arder,ˈardʊ; ˈardər,v-e,to burn; char (as of paper); smolder,L. ārdēre;
carbo; carbone,karˈbo; karˈbonə,n-n,charcoal; coal,L. carbō;
gronno; gronnir,ˈgrɔnːʊ; ˈgrɔnːɪr,v-i,to growl; grunt,L. grunnīre;
mordo; morder,ˈmɔrdʊ; ˈmɔrdər,v-e,to bite; gnaw,L. mordēre;
sed; sede,sed; ˈsedə,n-f,thirst,L. sitis;
morto; morta; morte,ˈmɔrtʊ; ˈmɔrtɐ; ˈmɔrtə,adj,dead; barren,L. mortuus; mortua; mortuum;
sifelo; sifelar,ˈsifəlʊ; ˈsifəlɐr,v-a,to hiss; whistle,L. sībilāre;
vapor; vapore,ˈvapʊr; ˈvapʊrə,n-n,steam; vapor; e-cigarette vapor,L. vapor;
bress; bressa,brɛsː; ˈbrɛsːɐ,n-f,breeze,I. brezza;
fox ciuve; foco ciuve,ˈfɔʃːuvə; ˈfɔkʊʃːuvə,n-m,wildfire,fox ciuve; as F. feu de forêt;
mulatto; mulatta; mulatte,muˈlɐtːʊ; muˈlɐtːɐ; muˈlɐtːə,adj,mulatto,I. mulatto; mulatta;
mulass; mulatto,muˈlɐsː; muˈlɐtːʊ,n-m,male mulatto,I. mulatto;
mulatt; mulatta,muˈlɐtː; muˈlɐtːɐ,n-f,female mulatto,I. mulatta;
mulatt; mulatte,muˈlɐtː; muˈlɐtːə,n-n,mulatto of unspecified gender,neuter of mulatto and mulatta;
aubino; aubina; aubine,auˈbinʊ; auˈbinɐ; auˈbinə,adj,albino,I. albino; albina;
aubiss; aubino,auˈbɪsː; auˈbinʊ,n-m,male albino,I. albino;
aubin; aubina,auˈbin; auˈbinɐ,n-f,female albino,I. albina;
aubin; aubine,auˈbin; auˈbinə,n-n,albino of unspecified gender,neuter of albino and albina;
mosquiss; mosquito,mɔˈʃkɪsː; mɔˈʃkitʊ,n-m,mosquito,S. mosquito;
libid; libide,liˈbid; liˈbidə,n-n,libido,L. libīdō; learned borrowing;
ei,eɪ,interj,hey,SC. hej and F. hé;
appaco; appacar,ɐˈpːakʊ; ɐˈpːakɐr,v-a,to extinguish; turn off,VL. appācāre;
appacato; appacata; appacate,ɐpːaˈkatʊ; ɐpːaˈkatɐ; ɐpːaˈkatə,adj,turned off,past part. of appacar;
perij; perije,pɛˈriʒ; pɛˈriʒə,n-n,danger,L. perīculum;
ettreteneo; ettretener,ɛtːrəˈtɛnjʊ; ɛtːrəˈtɛnər,v-x,to entertain,ettre + tener; as I. intrattenére; conjugation follows tener
setto; settir,ˈsɛtːʊ; ˈsɛtːɪr,v-i,to perceive; sense; feel,L. sentīre; "I feel your touch"
(se) setto; settir,ˈsɛtːʊ; ˈsɛtːɪr,v-i,to feel; as of oneself,reflexive of settir; "I feel dizzy"
stofido; stofida; stofide,ʃtoˈfidʊ; ʃtoˈfidɐ; ʃtoˈfidə,adj,stupid,L. stupidus; stupida; stupidum;
fistoi; fistoja,fɪˈʃtoɪ; fɪˈʃtoʒɐ,n-f,gun; pistol,SC. pištōlj and I. pistola;
perdo; perder,ˈperdʊ; ˈperdər,v-e,to lose,L. perdere;
zabavo; zabava; zabave,ˈzabɐvʊ; ˈzabɐvɐ; ˈzabɐvə,adj,fun; amusing,SC. zábavan;
trau; trair,trau; trair,v-i,to bring; drag,L. trahere;
annojo; annojar,ɐˈnːɔjʊ; ɐˈnːɔjɐr,v-a,to bore; annoy,I. annoiàre;
annojato; annojata; annojate,ɐnːɔˈjatʊ; ɐnːɔˈjatɐ; ɐnːɔˈjatə,adj,bored; annoyed,past part. of annojar;
ei noi,eɪ ˈnoɪ,interj,oh no,ei no; altered for rhythm;
Isladd; Isladda,ɪˈʃlɐdː; ɪˈʃlɐdːɐ,n-f,Iceland,I. Islanda;
Norvege; Norvegia,nɔrˈveʒə; nɔrˈveʒɐ,n-f,Norway,L. Norvegia;
Fisc; Fisca,fɪʃk; ˈfɪʃkɐ,n-f,Finland,SC. Fînskā;
Rusi; Rucia,ˈrusɪ; ˈruʃɐ,n-f,Russia,SC. Rùsija;
Kazakistass; Kazakistano,kaˈzakɪʃtɐsː; kazakɪˈʃtanʊ,n-m,Kazakhstan,I. Kazakistan;
Estoni; Estonia,ɛˈʃtonɪ; ɛˈʃtoɲɐ,n-f,Estonia,SC. Èstōnija;
Letoni; Letonia,leˈtonɪ; leˈtoɲɐ,n-f,Latvia,SC. Lètōnija;
Livv; Livva,lɪvː; ˈlɪvːɐ,n-f,Lithuania,SC. Lȉtva;
Vielorusi; Vielorucia,vjɛlʊˈrusɪ; vjɛlʊˈruʃɐ,n-f,Belarus,SC. Bjelorùsija;
Ukrain; Ukraina,uˈkrain; uˈkrainɐ,n-f,Ukraine,SC. Ùkrajina;
Gruzi; Grugia,ˈgruzɪ; ˈgruʒɐ,n-f,Georgia,SC. Grȗzija;
Azerveggiass; Azerveggiano,azərvɛˈʒːɐsː; azərvɛˈʒːanʊ,n-m,Azerbaijan,SC. Azerbejdžan;
Armeni; Armenia,arˈmenɪ; arˈmeɲɐ,n-f,Armenia,SC. Àrmēnija;
Tursc; Tursca,tʊrʃk; ˈtʊrʃkɐ,n-f,Turkey,SC. Tùrskā;
Irass; Irano,iˈrɐsː; iˈranʊ,n-m,Iran,I. Iran;
Ciper; Cipro,ˈʃipər; ˈʃiprʊ,n-m,Cyprus,SC. Cȉpar;
Sire; Siria,ˈsirə; ˈsirjɐ,n-f,Syria,L. Syria;
Irax; Iraco,iˈraʃ; iˈrakʊ,n-m,Iraq,F. Irak; S. Irak; SC. Ìrāk;
el Libass; el Libano,ɛlːiˈbɐsː; ɛlːiˈbanʊ,n-m,Lebanon,I. il Libano;
Estrajes; Estrajo,ɛˈʃtraʒəs; ɛˈʃtraʒʊ,n-m,Israel,L. Isrāēl;
Jordanes; Jordano,ʒɔrˈdanəs; ʒɔrˈdanʊ,n-m,Jordan,L. Iordanēs;
Aravi; Aravia,aˈravɪ; aˈravjɐ,n-f,Arabia,L. Arabia;
Saudass; Saudano,sauˈdɐsː; sauˈdanʊ,n-m,male Saudi,Saudi + -ass; -ano;
Saudan; Saudana,sauˈdan; sauˈdanɐ,n-f,female Saudi,Saudi + -an; -ana;
Saudan; Saudane,sauˈdan; sauˈdanə,n-n,Saudi of unspecified gender,Saudi + -an; -ane;
Saudano; Saudana; Saudane,sauˈdanʊ; sauˈdanɐ; sauˈdanə,adj,Saudi,Saudi + -ano; -ana; -ane;
Aravi Saudana; Aravia Saudana,aˈravɪ sauˈdanɐ; aˈravjɐ sauˈdanɐ,n-f,Saudi Arabia,Aravi + Saudana;
Maut; Mauta,maut; ˈmautɐ,n-f,Malta,I. Malta;
Tunisi; Tunicia,tuˈnisɪ; tuˈniʃɐ,n-f,Tunisia,I. Tunisia;
Augeri; Augeria,auˈʒerɪ; auˈʒerjɐ,n-f,Algeria,I. Algeria;
Marox; Marocco,maˈrɔʃ; maˈrɔkːʊ,n-m,Morocco,I. Marocco;
Irladd; Irladda,irˈlɐdː; irˈlɐdːɐ,n-f,Ireland,E. Ireland;
unio; unione,uˈɲo; uˈɲonə,n-n,union,L. ūniō;
uno; unir,ˈunʊ; ˈunɪr,v-i,to unite,L. ūnīre;
uneto; uneta; unete,uˈnetʊ; uˈnetɐ; uˈnetə,adj,united,past part. of unir;
Renies Uneto; Renio Uneto,ˈreɲəs uˈnetʊ; ˈreɲʊ uˈnetʊ,n-m,United Kingdom,Renies + Uneto; calque of United Kingdom;
Frasce; Frascia,ˈfrɐʃːə; ˈfrɐʃːɐ,n-f,France,L. Francia;
Addorr; Addorra,ɐˈdːɔrː; ɐˈdːɔrːɐ,n-f,Andorra,NL. Andorra;
Espani; Espania,ɛˈʃpanɪ; ɛˈʃpaɲɐ,n-f,Spain,L. Hispānia;
Portogalls; Portogallo,ˈpɔrtʊgɐlːs; ˈpɔrtʊgɐlːʊ,n-m,Portugal,I. Portogallo;
Veugic; Veugica,ˈvjuʒɪk; ˈvjuʒɪkɐ,n-f,Belgium,L. Belgica;
pais; paio,pais; ˈpajʊ,n-m,country; nation,I. paese;
Paios Bassos,ˈpaiʊs ˈbɐsːʊs,npl-m,Netherlands,paios bassos; calque of E. Netherlands;
Lussebburs; Lussebburgo,ˈlʊsːɛbːʊrs; lʊsːɛˈbːurgʊ,n-m,Luxembourg,I. Lussemburgo;
Danimarc; Danimarca,ˈdanɪmɐrk; danɪˈmarkɐ,n-f,Denmark,I. Danimarca;
Poisc; Poisca,poiʃk; ˈpoiʃkɐ,n-f,Poland,SC. Pȍljskā and Sl. Pọ̑ljska;
Cesco; Cesca; Cesque,ˈʃɛʃkʊ; ˈʃɛʃkɐ; ˈʃɛʃkə,adj,Czech,SC. čȅškī;
republec; republeca,reˈpublək; reˈpubləkɐ,n-f,republic; commonwealth,L. rēspūblica;
Republec Cesca; Republeca Cesca,reˈpublək ˈʃeʃkɐ; reˈpubləkɐ ˈʃeʃkɐ,n-f,Czech Republic,republec Ceska; as most Romance and Slavic languages;
Cesc; Cesca,ʃɛʃk; ˈʃɛʃkɐ,n-f,Czechia,SC. Čȅškā;
Slovasc; Slovasca,ʃloˈvaʃk; ʃloˈvaʃkɐ,n-f,Slovakia,SC. Slòvāčkā;
Magiarsc; Magiarsca,maˈʒarʃk; maˈʒarʃkɐ,n-f,Hungary,SC. Mȁđarskā;
Romani; Romania,roˈmanɪ; roˈmaɲɐ,n-f,Romania,NL. Rōmānia;
Moudavi; Moudavia,mouˈdavɪ; mouˈdavjɐ,n-f,Moldova,NL. Moldavia;
Bugarsc; Bugarsca,buˈgarʃk; buˈgarʃkɐ,n-f,Bulgaria,SC. Bȕgarska;
Greci; Grecia,ˈgreʃɪ; ˈgreʃɐ,n-f,Greece,L. Graecia;
Renies del Esti; Renio del Esti,ˈreɲəs dəl ˈɛʃtɪ; ˈreɲʊ dəl ˈɛʃtɪ,n-m,Austria,G. Österreich; calque;
Lictenstains; Lictenstaino,ˈlɪktənʃtains; lɪktənˈlʃtainʊ,n-m,Liechtenstein,I. Liechtenstein;
Vaticass; Vaticano,vatɪˈkɐsː; vatɪˈkanʊ,n-m,Vatican City,L. Vātī̆cānus;
San Mariss; San Marino,san mɐˈrɪsː; san mɐˈrinʊ,n-m,San Marino,I. San Marino;
Monax; Monaco,moˈnaʃ; moˈnakʊ,n-m,Monaco,I. Monaco;
Crime; Crimea,ˈkrimə; ˈkrimjɐ,n-f,Crimea,I. Crimea;
Abcasi; Abcacia,abˈkasɪ; abˈkaʃɐ,n-f,Abkhazia,I. Abcasia;
Oseti; Osessa,oˈsetɪ; oˈsɛsːɐ,n-f,Ossetia,SC. Osetija;
Oseti del Sudi; Osessa del Sudi,oˈsetɪ dəl ˈsudɪ; oˈsɛsːɐ dəl ˈsudɪ,n-f,South Ossetia,Oseti del Sudi; as most Romance languages;
drugo; druga; drugue,ˈdrugʊ; ˈdrugɐ; ˈdrugə,adj,different,PS. drȗgъ;
Arsax; Arsago,arˈsaʃ; arˈsagʊ,n-m,Artsakh,Armenian Արցախ;
Palestin; Palestina,ˈpaləʃtin; paləˈʃtinɐ,n-f,Palestine,L. Palaestīna;
Secele; Seceja,sɛˈʃɛlə; sɛˈʃɛʒɐ,n-f,Sicily,L. Sicilia;
Sardene; Sardenia,sarˈdenə; sarˈdeɲɐ,n-f,Sardinia,L. Sardinia;
Corsec; Corseca,ˈkɔrsək; ˈkɔrsəkɐ,n-f,Corsica,L. Corsica;
Bajarano; Bajarana; Bajarane,baʒɐˈranʊ; baʒɐˈranɐ; baʒɐˈranə,adj,Balearic,L. Baleārēs;
isol; isola,ˈisʊl; ˈisʊlɐ,n-f,island,VL. isula;
Isolas Bajaranas,ˈisʊlɐs baʒɐˈranɐs,n-f,Balearic Islands,isolas Bajaranas;
bobiss; bobino,boˈbɪsː; boˈbinʊ,n-m,drum,PS. bǫ̀bьnъ;
parolo; parolar,ˈparʊlʊ; ˈparʊlɐr,v-a,to talk; speak,VL. parolāre; to speak = parolar - to speak about = parolar de - to speak with = parolar com
cestos zeos,ˈʃɛʃtʊs zjʊs,npl-m,these days; the other day; recently,cestos zeos; as P. esses dias;
desaster; desastro,dɛˈsaʃtər; dɛˈsaʃtrʊ,n-m,disaster,I. disastro; with I. dis- replaced by des-;
coloss; colosso,kɔˈlɔsː; kɔˈlɔsːʊ,n-m,colossus,L. colossus;
colossalo; colossala; colossale,kɔlɔˈsːalʊ; kɔlɔˈsːalɐ; kɔlɔˈsːalə,adj,colossal,coloss + -alo; -ala; -ale; as most Romance languages;
exercess; exerceto,ɛˈʃɛrʃɛsː; ɛˈʃɛrʃətʊ,n-m,army; military,L. exercitus;
miletaro; miletara; miletare,miləˈtarʊ; miləˈtarɐ; miləˈtarə,adj,military,L. mīlitāris; mīlitāre;
sauss; sauto,sɔsː; ˈsautʊ,n-m,jump; leap,L. saltus;
comisso; comissar,koˈmɪsːʊ; koˈmɪsːɐr,v-a,to begin; start; commence,VL. cominitiāre;
zastav; zastava,ˈzaʃtɐv; ˈzaʃtɐvɐ,n-f,flag,SC. zȃstava;
ausso; aussar,ˈɔsːʊ; ˈɔsːɐr,v-a,to lift; raise; hoist; bring up; nurture; grow [as of a person],VL. altiāre;
dereciors; derecioro,deˈreʃɔrs; dereˈʃɔrʊ,n-m,male director,LL. director;
generalo; generala; generale,ʒɛnəˈralʊ; ʒɛnəˈralɐ; ʒɛnəˈralə,adj,general,L. generālis; generāle;
dereciors generalo; derecioro generalo,deˈreʃɔrs ʒɛnəˈralʊ; dereˈʃɔrʊ ʒɛnəˈralʊ,n-m,male chief executive officer,dereciors generalo; as R. director general;
derecior; dereciora,deˈreʃɔr; dereˈʃɔrɐ,n-f,female director,feminine of dereciors;
derecior; dereciore,deˈreʃɔr; dereˈʃɔrə,n-n,director of unspecified gender,neuter of dereciors;
derecior generala; dereciora generala,deˈreʃɔr ʒɛnəˈralɐ; dereˈʃɔrɐ ʒɛnəˈralɐ,n-f,female chief executive officer,derecior + generala;
derecior generale; dereciore generale,deˈreʃɔr ʒɛnəˈralə; dereˈʃɔrə ʒɛnəˈralə,n-n,chief executive officer of unspecified gender,derecior + generale;
DG; DGs,ˈdeʒe; ˈdeʒes,abbr,CEO; chief executive officer,derecior generale or its gendered equivalents; first is sing.; second is pl. - gender is whatever you want it to; really
preddo; predder,ˈprɛdːʊ; ˈprɛdːər,v-e,to take; hold; arrest,L. prehendere;
ippreddo; ippredder,ɪˈpːrɛdːʊ; ɪˈpːrɛdːər,v-e,to undertake; build an enterprise,VL. imprehendere;
ippreddors; ippreddoro,ɪˈpːrɛdːɔrs; ɪpːrɛˈdːɔrʊ,n-m,male entrepreneur,ippredder + -ors; -oro;
ippreddor; ippreddora,ɪˈpːrɛdːɔr; ɪpːrɛˈdːɔrɐ,n-f,female entrepreneur,ippredder + -or; -ora;
ippreddor; ippreddore,ɪˈpːrɛdːɔr; ɪpːrɛˈdːɔrə,n-n,entrepreneur of unspecified gender,ippredder + -or; -ore;
nasceto; nasceta; nascete,nɐˈʃːetʊ; nɐˈʃːetɐ; nɐˈʃːetə,adj,born,past part. of nascer;
aide,ˈaide,interj,let's go; come on,SC. hàjde;
metto; metter,ˈmɛtːʊ; ˈmɛtːər,v-e,to put; place,L. mittere;
spatol; spatola,ˈʃpatʊl; ˈʃpatʊlɐ,n-f,back; shoulder,L. spatula;
esforso; esforsar,ɛˈʃfɔrsʊ; ɛˈʃfɔrsɐr,v-a,to enforce,VL. exfortiāre;
s'esforso; s'esforsar (de),sɛˈʃfɔrsʊ; sɛˈʃfɔrsɐr,v-a,to strive; enforce on oneself,reflexive of exforsar;
mostro; mostrar,ˈmoʃtrʊ; ˈmoʃtrɐr,v-a,to show,L. mōnstrāre;
amators; amatoro,amɐˈtɔrs; amɐˈtɔrʊ,n-m,male amateur,L. amātor + -ors; -oro; semantically F. amateur;
amator; amatora,amɐˈtɔr; amɐˈtɔrɐ,n-f,female amateur,feminine of amators; semantically F. amatrice;
amator; amatore,amɐˈtɔr; amɐˈtɔrə,n-n,amateur of unspecified gender,neuter of amators; semantically F. amateur and F. amatrice;
vau pora inferni; ir pora inferni,vau ˈporɐ ɪˈfːernɪ; ir ˈporɐ ɪˈfːernɪ,v-x,go to hell; fuck off,ir pora ifferni;
iffers; ifferno,ɪˈfːers; ɪˈfːernʊ,n-m,hell; inferno,L. īnfernus;
fotuo; fotuer,ˈfotwʊ; ˈfotwər,v-e,to fuck; have sex with,L. futuere;
sagg; saggue,sɐgː; ˈsɐgːə,n-n,blood,L. sanguī̆s;
otteneo; ottener,ɔˈtːɛɲʊ; ɔˈtːɛnər,v-x,to get; obtain; receive,L. obtinēre; conjugation follows tener
arbor; arbore,arˈbɔr; arˈbɔrə,n-n,tree,L. arbor;
téle; téja,ˈtelə; ˈteʒɐ,n-f,linden; lime tree,L. tilia;
amor; amore,ˈamʊr; ˈamʊrə,n-n,love [as the concept]; sweetheart,L. amor;
bonozeo,ˈbɔnʊzjʊ,interj,hello,bono zeo; as F. bonjour and I. buongiorno;
favor; favore,ˈfavʊr; ˈfavʊrə,n-n,favor,L. favor;
por favori,pʊr ˈfavʊrɪ,interj,please,por favori; as P. and S. por favor;
felicetas; felicetate,feˈliʃətas; feˈliʃətatə,n-n,happiness,L. fēlīcitās; morphologically felico + -etas;
gotovo; gotova; gotove,goˈtovʊ; goˈtovɐ; goˈtovə,adj,ready; prepared; willing,PS. gotòvъ;
cuero; cuerer,ˈkwerʊ; ˈkwerər,v-e,to ask,L. quaerere;
parso; partir,ˈparsʊ; ˈpartɪr,v-i,to divide; part; leave,L. partīre;
debasso; debassa; debasse,dəˈbɐsːʊ; dəˈbɐsːɐ; dəˈbɐsːə,prep,under,de + basso; bassa; basse; as S. debajo;
ricordo; ricordar,rɪˈkɔrdʊ; rɪˈkɔrdɐr,v-a,to record; recall; remember,VL. recordāre;
jaro; jara; jare,ˈʒarʊ; ˈʒarɐ; ˈʒarə,adj,clear; bright,L. clārus; clāra; clārum;
jaremette,ʒarəˈmɛtːə,adv,clearly; crisply; brightly,jare + -mette;
novo; nova; nove,ˈnɔvʊ; ˈnɔvɐ; ˈnɔvə,adj,new; fresh; unbroken; untainted; delicate,L. novus; nova; novum;
denove,dəˈnɔvə,adv,again; newly,de nove; as I. de novo; de nova;
bucu; bucua,ˈbukʊ; ˈbukwɐ,n-f,beech,PS. buky and SC. bȕkva;
cortece; cortecia,kɔrˈteʃə; kɔrˈteʃɐ,n-f,cortex; bark [as of a tree],L. corticea; as I. corteccia;
radix; radice,raˈdiʃ; raˈdiʃə,n-n,root,L. rādīx;
de radicis,də raˈdiʃɪs,adj,radical,de radicis; as Greek σύρριζα;
ceps; ceppo,ʃeps; ˈʃɛpːʊ,n-m,stake; post; stem; mark,L. cippus;
liberalo; liberala; liberale,libəˈralʊ; libəˈralɐ; libəˈralə,adj,liberal; libertarian,L. līberālis; līberāle; morphologically libero + -alo;
neoliberalo; neoliberala; neoliberale,neʊlibəˈralʊ; neʊlibəˈralɐ; neʊlibəˈralə,adj,neoliberal,neo- + liberalo; liberala; liberale; as E. neoliberal;
liberalesmes; liberalesmo,libəraˈlɛsməs; libəraˈlɛsmʊ,n-m,liberalism; libertarianism,liberalo + -esmes; as E. liberalism;
neoliberalesmes; neoliberalesmo,neʊlibəraˈlɛsməs; neʊlibəraˈlɛsmʊ,n-m,neoliberalism,neoliberalo + -esmes; as E. neoliberalism;
izzologe; izzologia,ɪzːʊˈlɔʒə; ɪzːʊˈlɔʒɐ,n-f,ideology,AG. ἰδέᾱ + L. -logia;
izzologiss; izzologisto,ɪzːʊlɔˈʒɪsː; ɪzːʊlɔˈʒɪʃtʊ,n-m,male ideologue; ideologist,ideologe + -iss;
izzologist; izzologista,ɪzːʊlɔˈʒɪʃt; ɪzːʊlɔˈʒɪʃtɐ,n-f,female ideologue; ideologist,ideologe + -ist; -ista;
izzologist; izzologiste,ɪzːʊlɔˈʒɪʃt; ɪzːʊlɔˈʒɪʃtə,n-n,ideologue or ideologist or unspecified gender,ideologe + -ist; -iste;
moute,ˈmoutə,adv,often,moute; as P. muita;
escorio; escoriar,ɛˈʃkɔrjʊ; ɛˈʃkɔrjɐr,v-a,to skin,L. excoriāre;
creteco; creteca; creteque,krɛˈtekʊ; krɛˈtekɐ; krɛˈtekə,adj,critical; urgent,L. criticus; critica; criticum;
creteco; cretecar,krɛˈtekʊ; krɛˈtekɐr,v-a,to criticize; critique [as negatively],creteco; creteca; creteque + -ar; as most Romance languages;
zavoss; zavodo,zaˈvɔsː; zaˈvodʊ,n-m,institute; office; bureau,SC. závod;
zavodocraci; zavodocracia,zavodʊˈkraʃɪ; zavodʊˈkraʃɐ,n-f,bureaucracy,zavodo + -craci; -cracia; calque of I. burocrazia;
suppono; supponer,sʊˈpːonʊ; sʊˈpːonər,v-e,to assume; suppose,L. suppōnere;
supponeto; supponeta; supponete,sʊpːoˈnetʊ; sʊpːoˈnetɐ; sʊpːoˈnetə,adj,assumed; supposed,past part. of supponer;
supponetemette,sʊpːonetəˈmɛtːə,adv,supposedly; apparently,supponete + -mette;
levo; levar,ˈlɛvʊ; ˈlɛvɐr,v-a,to lift; raise; guide; lead,L. levāre; to lead = levar; to lead to = levar a
sclerosi; sclerocia,ʃkleˈrosɪ; ʃkleˈroʃɐ,n-f,sclerosis,I. sclerosi;
istetusso; istetussone,iʃtəˈtʊsːʊ; iʃtəˈtʊsːʊnə,n-n,institution; organization,L. īnstitūtiō;
istetussonalo; istetussonala; istetussonale,iʃtətʊsːʊˈnalʊ; iʃtətʊsːʊˈnalɐ; iʃtətʊsːʊˈnalə,adj,institutional; organizational,istetussone + -alo; -ala; -ale; as I. istituzionale;
ocuirs; ocuiro,ɔˈkwirs; ɔˈkwirʊ,n-m,frame; framework,SC. òkvīr;
communo; communa; commune,kɔˈmːunʊ; kɔˈmːunɐ; kɔˈmːunə,adj,common,L. commūnis; commūne;
Eorop; Eoropa,joˈrop; joˈropɐ,n-f,Europe,L. Eurōpa;
Eoropano; Eoropana; Eoropane,joroˈpanʊ; joroˈpanɐ; joroˈpanə,adj,European,Eorop + -ano; -ana; -ane;
referess; referessa,refəˈrɛsː; refəˈrɛsːɐ,n-f,reference,F. référence;
coppetette; coppetessa,kɔpːəˈtɛtːə; kɔpːəˈtɛsːɐ,n-f,competence; proficiency,LL. competentia;
assumo; assumer,ɐˈsːumʊ; ɐˈsːumər,v-e,to take up; assume,L. assūmere;
differetto; differetta; differette,dɪfːəˈrɛtːʊ; dɪfːəˈrɛtːɐ; dɪfːəˈrɛtːə,adj,different,L. differēns;
nivs; nivo,nivs; ˈnivʊ,n-m,level,SC. nìvō;
correspoddo; correspodder,kɔrːəˈʃpɔdːʊ; kɔrːəˈʃpɔdːər,v-e,to correspond; match,L. correspondēre; to correspond = correspodder; to correspond to = correspodder a
oviecivs; oviecivo,ɔvjəˈʃivs; ɔvjəˈʃivʊ,n-m,objective,L. objectīvus;
sono; sonar,ˈsɔnʊ; ˈsɔnɐr,v-a,to play; sound,L. sonāre;
vau a; ir a,ˈvawɐ; ˈirɐ,v-x,let [one do something],vaimo a; as P. vamos; let's do = vaimo a facer; let me do = me i a facer
(se) movo; mover,ˈmovʊ; ˈmovər,v-e,to walk; wander; go about; move about,reflexive of mover; slang
tetto; tettar,ˈtɛtːʊ; ˈtɛtːɐr,v-a,to test; try,L. temptāre;
joquess; joquetto,ʒɔˈkɛsː; ʒɔˈkɛtːʊ,n-f,toy,jocar + -ess; -etto; as most Romance languages;
svor; svora,ʃvor; ˈʃvorɐ,n-f,string; twine; line; row,R. sfoară;
accatto; accattar,ɐˈkːɐtːʊ; ɐˈkːɐtːɐr,v-a,to buy; purchase,VL. accaptāre;
baj; baje,baʒ; ˈbaʒə,n-n,stick; rod,L. baculum;
bajett; bajette,baˈʒɛtː; baˈʒɛtːə,n-n,wand; small rod; small stick,VL. baclitta; morphologically baj + -ett; -ette;
movemett; movemette,mɔvəˈmɛtː; mɔvəˈmɛtːə,n-n,movement,mover + -mette; as ML. movimentum;
praifero; praiferir,praifəˈrʊ; praifəˈrɪr,v-i,to like; prefer,L. praeferre; with conjugation change to match most Romance languages; to prefer = praiferir; to prefer this = praiferir ceste; to prefer this over that = praiferir ceste a celle
reflecio; reflecer,rɛˈflɛʃʊ; rɛˈflɛʃər,v-e,to reflect; think; ponder [lightly],L. reflectere; to reflect = reflecer; to reflect about = reflecer a
medeto; medetar,ˈmɛdətʊ; ˈmɛdətɐr,v-a,to meditate; ponder [deeply],L. meditārī; to ponder = medetar; to ponder about = medeter a
facior; faciore,faˈʃɔr; faˈʃɔrə,n-n,factor,L. factor;
ifflo; iffloer (en),ˈɪfːlʊ; ɪˈfːlʊər,v-e,to influence,L. īnfluere;
decido; decider,deˈʃidʊ; deˈʃidər,v-e,to decide; determine,L. dēcīdere;
decisio; decisiona,deˈʃiʃjʊ; deˈʃiʃjʊnɐ,n-f,decision,L. dēcīsiō;
appleco; applecar,ɐˈpːlekʊ; ɐˈpːlekɐr,v-a,to apply,L. applicāre; learned borrowing;
paux; pauco,pauʃ; ˈpaukʊ,n-m,bit; hint; few; little,L. paucus; maus is more of a slang term than paux
fors; forsa,fɔrs; ˈfɔrsɐ,n-f,force,VL. fortia;
cineteco; cineteca; cineteque,ʃiˈnetəkʊ; ʃiˈnetəkɐ; ʃiˈnetəkə,adj,kinetic,I. cinetico; cinetica;
crisso; crisser,ˈkrɪsːʊ; ˈkrɪsːər,v-e,to draw; doodle; scribble; make hastily; be hasty,G. kritzeln;
crisseto; crisseta; crissete,krɪˈsːetʊ; krɪˈsːetɐ; krɪˈsːetə,adj,scribbling; hasty; quick; careless,past part. of crisser;
felino; felina; feline,feˈlinʊ; feˈlinɐ; feˈlinə,adj,feline; catlike,L. fēlīnus; fēlīna; fēlīnum;
feliss; felino,feˈlɪsː; feˈlinʊ,n-m,male cat,L. fēlīnus;
felin; felina,feˈlin; feˈlinɐ,n-f,female cat,L. fēlīna;
felin; feline,feˈlin; feˈlinə,n-n,cat of unspecified gender,L. fēlīnum;
creatur; creatura,kreɐˈtur; kreɐˈturɐ,n-f,creature,L. creātūra;
desfacio; desfacer,dɛˈʃfaʃʊ; dɛˈʃfaʃər,v-x,to undo; disassemble; lose [something],des- + facer; as most Romance languages; conjugation follows facer
(se) desfacio; desfacer (de),dɛˈʃfaʃʊ; dɛˈʃfaʃər,v-x,to come undone; unravel; reveal; shed,reflexive of desfacer; conjugation follows facer
natur; natura,ˈnatʊr; ˈnatʊrɐ,n-f,nature; quality,L. nātūra;
letargico; letargica; letargique,lɛˈtarʒɪkʊ; lɛˈtarʒɪkɐ; lɛˈtarʒɪkə,adj,lethargic,I. letargico; letargica;
allegro; allegra; allegre,ɐˈlːegrʊ; ɐˈlːegrɐ; ɐˈlːegrə,adj,cheerful; mirthful,I. allegro; allegra;
(s') allegro; allegrar,ɐˈlːegrʊ; ɐˈlːegrɐr,v-a,to have fun; enjoy,allegro; allegra; allegre + -ar;
allegri; allegria,ɐˈlːegrɪ; ɐˈlːegrɪɐ,n-f,cheeriness; mirth; joy; jollity; gaiety,I. allegria; morphologically allegro; allegrar; allegre + -i; -ia;
maus; malo,maus; ˈmalʊ,n-m,bit; hint; few; little,SC. mȁlo; maus is more of a slang term than paux
a le nomeni de,ɐ lə ˈnomənɪ də,prep,on behalf of; in the name of,a le nomeni de; as I. a nome di;
equip; equipa,eˈkip; eˈkipɐ,n-f,team,F. équipe;
deffecoutas; deffecoutate,dɛfːəkouˈtas; dɛfːəkouˈtatə,n-n,difficulty,L. difficultās;
deffecelo; deffecela; deffecele,dɛfːəˈʃelʊ; dɛfːəˈʃelɐ; dɛfːəˈʃelə,adj,difficult; hard,L. difficilis; difficile;
tenieco; tenieca; tenieque,ˈtɛɲəkʊ; ˈtɛɲəkɐ; ˈtɛɲəkə,adj,technical,L. technicus; technica; technicum;
vojo; vojer,ˈvɔʒʊ; ˈvɔʒər,v-e,to want; need,L. volēre;
escuso; escusar,ɛˈʃkusʊ; ɛˈʃkusɐr,v-a,to excuse; apologize,L. excūsāre; to apologize = escusar; to apologize for = escusar por; to apologize to = escusar com
Australe; Austraja,auˈʃtralə; auˈʃtraʒɐ,n-f,Australia,I. Australia;
Austrajass; Austrajano,auʃtrɐˈʒɐsː; auʃtrɐˈʒanʊ,n-m,male Australian,Australi; Austraja + -ass; -ano;
Austrajan; Austrajana,auʃtrɐˈʒan; auʃtrɐˈʒanɐ,n-f,female Australian,Australi; Austraja + -an; -ana;
Austrajan; Austrajane,auʃtrɐˈʒan; auʃtrɐˈʒanə,n-n,Australian of unspecified gender,Australi; Austraja + -an; -ane;
coup; coupa,koup; ˈkoupɐ,n-f,fault; blame; guilt,L. culpa;
coddenno; coddennar,kɔˈdːɛnːʊ; kɔˈdːɛnːɐr,v-a,to condemn; convict,L. condemnāre;
coddennass; coddennato,kɔdːɛˈnːɐsː; kɔdːɛˈnːatʊ,n-m,male convict; inmate; prisoner,masc. past part. of coddennar;
coddennat; coddennata,kɔdːɛˈnːat; kɔdːɛˈnːatɐ,n-f,female convict; inmate; prisoner,fem. past part. of coddennar;
coddennat; coddennate,kɔdːɛˈnːat; kɔdːɛˈnːatə,n-n,convict; inmate; prisoner of unspecified gender,neut. past part. of coddennar;
raquet; raquete,raˈkɛt; raˈkɛtə,n-n,rocket; missile,G. Rakete;
probo; probar,ˈprɔbʊ; ˈprɔbɐr,v-a,to test; probe,L. probāre;
prob; proba,prɔb; ˈprɔbɐ,n-f,test; trial; probe,LL. proba;
pos,pɔs,prep,behind; after; then,L. post;
atte,ˈɐtːə,prep,in front; before,L. ante;
na,nɐ,prep,until,contraction of en a;
ispecio; ispecione,iˈʃpɛʃʊ; iˈʃpɛʃʊnə,n-n,inspection; examination,L. īnspectiō;
ispecio; ispeciar,iˈʃpɛʃʊ; iˈʃpɛʃɐr,v-a,to inspect; examinate,ispecio + -ar; as some Romance languages;
trupp; truppa,trʊpː; ˈtrʊpːɐ,n-f,troop (of soldiers); troupe,I. truppa;
riasso; riassa; riasse,ˈrjɐsːʊ; ˈrjɐsːɐ; ˈrjɐsːə,adj,fat; dense; thick,L. crassus; crassa; crassum;
baionett; baionetta,bajʊˈnɛtː; bajʊˈnɛtːɐ,n-f,bayonet,I. baionetta;
dils; dildo,dɪls; ˈdɪldʊ,n-m,dildo,I. dildo;
iste,ˈɪʃtə,adv,even,iste; as F. même and P. mesmo;
diet; diete,djet; ˈdjetə,n-n,child; kid,SC. dijéte; diet is more colloquial than iffatt
diess,ˈdjɛsː,npl-n,children; kids,SC. djeca; diess is more colloquial than iffattes
guerr; guerra,gɛrː; ˈgɛrːɐ,n-f,war; battle; strife,ML. guerra;
mort; morte,mɔrt; ˈmɔrtə,n-n,death,L. mors;
tiro; tirar,ˈtirʊ; ˈtirɐr,v-a,to drag; throw; shoot,VL. tīrāre;
necuno,nɛˈkunʊ,n-m,no man,L. nec ūnus;
necuna,nɛˈkunɐ,n-f,no woman,fem. of necuno;
necune,nɛˈkunə,n-n,no one [of unspecified gender],neut. of necuno;
cavo; cavar,ˈkavʊ; ˈkavɐr,v-a,to dig; excavate,L. cavāre;
tobb; tobba,tɔbː; ˈtɔbːɐ,n-f,tomb,LL. tumba;
auscouto; auscoutar,auˈʃkoutʊ; auˈʃkoutɐr,v-a,to hear; listen,L. auscultāre;
ianques; ianco,ˈjankəs; ˈjankʊ,n-m,male Yankee,E. Yankee;
ianc; ianca,ˈjank; ˈjankɐ,n-f,female Yankee,E. Yankee;
ianc; ianque,ˈjank; ˈjankə,n-n,Yankee of unspecified origin,E. Yankee;
troppo; tropper,ˈtrɔpːʊ; ˈtrɔpːər,v-e,to lie; cheat; trick; deceive,F. tromper;
avverto; avverter,ɐˈvːertʊ; ɐˈvːertər,v-e,to warn; draw attention to,L. advertere;
vex; vece,vɛʃ; ˈvɛʃə,n-n,time; instance,L. vicis;
super,ˈsupər,adj; adv,super,L. super; learned borrowing;
ragass; ragasso,raˈgɐsː; raˈgɐsːʊ,n-m,young man; boy,I. ragazzo;
treno; trener,ˈtrenʊ; ˈtrenər,v-e,to train,F. traîner;
bomb; bomba,bomb; ˈbombɐ,n-f,bomb,I. bomba;
atoms; atomo,aˈtoms; aˈtomʊ,n-m,atom,I. atomo;
atomico; atomica; atomique,aˈtomɪkʊ; aˈtomɪkɐ; aˈtomɪkə,adj,atomic,atoms + -ico; -ica; ique;
bomb atomica; bomba atomica,bomb aˈtomɪkɐ; ˈbomba aˈtomɪkɐ,n-f,atomic bomb; nuclear bomb,bomb atomica;
bomb A; bomba A,bomb ˈa; ˈbombɐ ˈa,n-f,A-bomb; atomic bomb; nuclear bomb,shortening of bomb atomica;
stomax; stomaco,ʃtoˈmaʃ; ʃtoˈmakʊ,n-m,stomach,L. stomachus;
issenio; isseniar,ɪˈsːeɲʊ; ɪˈsːeɲɐr,v-a,to teach,L. īnsignāre; to teach = isseniar; to teach a man = isseniar a l'omi; to teach a man to fish = isseniar a l'omi a pescar
moss; moddo,mɔsː; ˈmɔdːʊ,n-m,earth; world,L. mundus;
zains; zaino,zains; ˈzainʊ,n-m,satchel; rucksack; backpack,I. zaino;
vero; vera; vere,ˈverʊ; ˈverɐ; ˈverə,adj,true; right; correct,L. vērus; vēra; vērum;
vere,ˈverə,interj,right? [as asking for confirmation],vere;
mejo; meja; meje,ˈmɛʒʊ; ˈmɛʒɐ; ˈmɛʒə,adj; adv,better; best,L. melior; this adjective comes before noun
prie,ˈpriə,prep,ago,SC. prȉje; long assumed from L. pre;
Senegal; Senegala,ˈsenəgal; ˈsenəgalɐ,n-f,Senegal,F. Sénégal;
jav; jave,ʒav; ˈʒavə,n-n,key; wrench; spanner,L. clāvis;
bullons; bullono,bʊˈlːɔns; bʊˈlːɔnʊ,n-m,bolt,I. bullone;
foro; forar,ˈfɔrʊ; ˈfɔrɐr,v-a,to drill; bore; make a hole,L. forāre;
foror; forora,fɔˈrɔr; fɔˈrɔrɐ,n-f,drill,forar + -or; -ora; as F. foreuse;
jauss; jaudo,ʒɔsː; ˈʒaudʊ,n-m,nail,VL. claus and I. chiodo; as Friulian claud and Istriot ciuodo;
cottenett; cottenette,kɔtːəˈnɛtː; kɔtːəˈnɛtːə,n-n,continent,L. continēns;
alass; alato,aˈlɐsː; aˈlatʊ,n-m,tool; instrument; implement,SC. àlāt;
utelo; utela; utele,ˈutelʊ; ˈutelɐ; ˈutelə,adj,useful; utile,L. ūtilis; ūtile;
oroz; oroze,oˈroz; oˈrozə,n-n,gear,PS. orǫdьjȅ;
flox de nivi; floco de nivi,flɔʃ də ˈnivɪ; ˈflɔkʊ də ˈnivɪ,n-m,snowflake,flox de nivi;
pupett de nivi; pupetta de nivi,puˈpɛtː də ˈnivɪ; puˈpɛtːɐ də ˈnivɪ,n-f,snowman,pupett de nivi;
gruvv; gruvva,grʊvː; ˈgrʊvːɐ,n-f,snowball,SC. grudva;
Bogix; Bogico,ˈbɔʒɪʃ; ˈbɔʒɪkʊ,n-m,Christmas,SC. Bóžič;
Fest d'Anni Novo; Festa d'Anni Novo,feʃt ˈdɐnːɪ ˈnɔvʊ; ˈfeʃtɐ ˈdɐnːɪ ˈnɔvʊ,n-f,New Year's Day,Fest d'Anni Novo;
Dess Bogico; Dedo Bogico,dɛsː ˈbɔʒɪkʊ; ˈdedʊ ˈbɔʒɪkʊ,n-m,Santa Claus,Dess Bogico;
fest; festa,feʃt; ˈfeʃtɐ,n-f,holiday,ML. fēsta (party; feast);
gelatur; gelatura,ʒɛlɐˈtur; ʒɛlɐˈturɐ,n-f,frostbite,gelar + -tur; -tura; as F. gelure;
teneo les nivos; tener les nivos,ˈtɛɲʊ lʊs ˈnivʊs; ˈtɛnər lʊs ˈnivʊs,v-x,to suffer cold-related injuries,tener los nivos; conjugation follows tener
flox; floco,flɔʃ; ˈflɔkʊ,n-m,tuft; wisp; flake,L. floccus;
pupett; pupetta,puˈpɛtː; puˈpɛtːɐ,n-f,doll; puppet,L. pūpa + -ett; -etta; the suffix -ett; -etta is added to avoid poop joke;
bono Bogico,ˈbɔnʊ ˈbɔʒɪkʊ,interj,Merry Christmas,bono Bogico;
felico Anno Novo,feˈlikʊ ˈɐnːʊ ˈnɔvʊ,interj,Happy New Year,felico Anno Novo;
dess; dedo,dɛsː; ˈdedʊ,n-m,elder man [affectionate],PS. dě̀dъ;
gelo; gelar,ˈʒɛlʊ; ˈʒɛlɐr,v-a,to freeze,L. gelāre;
vel; vele,vel; ˈvelə,n-n,sail,L. vēlum;
navegasso; navegassone,navəˈgɐsːʊ; navəˈgɐsːʊnə,n-n,navigation; sailing,navigar + -asso; -assone and L. nāvigātiō;
barc; barca,bark; ˈbarkɐ,n-f,boat,LL. barca;
cano; canoa,kaˈno; kaˈnoɐ,n-f,canoe; canoeing,I. canoa;
regat; regata,reˈgat; reˈgatɐ,n-f,regatta,I. regata;
scafs; scafo,ʃkafs; ˈʃkafʊ,n-m,hull,I. scafo;
quijj; quijja,kɪʒː; ˈkɪʒːɐ,n-f,keel,I. chiglia;
coscefo; coscefer,kɔˈʃːefʊ; kɔˈʃːefər,v-e,to devise; conceive,L. concipere;
navego; navegar,ˈnavəgʊ; ˈnavəgɐr,v-a,to navigate; sail,L. nāvigāre;
gondol; gondola,gonˈdol; gonˈdolɐ,n-f,gondola,I. gondola;
livertas; livertate,livərˈtas; livərˈtatə,n-f,freedom; liberty,I. libertà;
dedeco; dedecar (a),ˈdedəkʊ; ˈdedəkɐr,v-a,to dedicate; consecrate,L. dēdicāre;
tex; tece,teʃ; ˈteʃə,n-n,roof; covering,L. tēctum;
gibeus; gibelo,ˈgibjʊs; ˈgibəlʊ,n-m,gable,G. Giebel;
tavass; tavano,taˈvɐsː; taˈvanʊ,n-m,attic,SC. tàvan;
port; porta,pɔrt; ˈpɔrtɐ,n-f,door; entrance,L. porta;
poliss del camini; polissa del camini,pɔˈlɪsː dəl kaˈminɪ; pɔˈlɪsːɐ dəl kaˈminɪ,n-f,mantel,poliss del camini;
camiss; camino,kaˈmɪsː; kaˈminʊ,n-m,fireplace; furnace; forge,L. camīnus;
fenester; fenestra,fɛˈnɛʃtər; fɛˈnɛʃtrɐ,n-f,window,L. fenestra;
vedu; vedua,ˈvedʊ; ˈvedwɐ,n-f,widow,L. vidua;
sof; sofa,sof; ˈsofɐ,n-f,sofa,I. sofà;
tapet; tapete,taˈpet; taˈpetə,n-n,carpet,L. tapēte;
pavimett; pavimette,pavɪˈmɛtː; pavɪˈmɛtːə,n-n,floor,L. pavīmentum; as I. pavimente and inspired by -mette;
plafoss; plafono,plɐˈfɔsː; plɐˈfonʊ,n-m,ceiling,SC. plàfōn;
poliss; polissa,pɔˈlɪsː; pɔˈlɪsːɐ,n-f,shelf,PS. polica;
scol; scola,ʃkɔl; ˈʃkɔlɐ,n-f,school,L. schola;
studett; studette,ʃtuˈdɛtː; ʃtuˈdɛtːə,n-n,student; schoolkid,L. studēns;
professor; professore,prɔˈfɛsːɔr; prɔˈfɛsːɔrə,n-n,teacher; professor,L. professor;
lavani blacca; lavania blacca,laˈvanɪ ˈblakːɐ; laˈvaɲɐ ˈblakːɐ,n-f,whiteboard,lavani blacca;
lavani negra; lavania negra,laˈvanɪ ˈnɛgrɐ; laˈvaɲɐ ˈnɛgrɐ,n-f,blackboard,lavani negra;
cors; corso,kors; ˈkorsʊ,n-m,class; course; lesson,L. cursus;
soss de la cappanelle; sono de la cappanelle,sɔsː də lɐ kɐpːɐˈnɛlːə; ˈsɔnʊ də lɐ kɐpːɐˈnɛlːə,n-m,[ring of the bell] end of a school year; graduation,soss de la cappanelle;
annuaris; annuario,ɐˈnːwarɪs; ɐˈnːwarjʊ,n-m,annual; yearbook,I. annuario;
uneversetas; uneversetate,unəversəˈtas; unəversəˈtatə,n-n,college; university,L. ūniversitās;
studo; studer,ˈʃtudʊ; ˈʃtudər,v-e,to study,L. studēre;
manual; manuale,maˈnwal; maˈnwalə,n-n,manual; textbook,manuale;
lavani; lavania,laˈvanɪ; laˈvaɲɐ,n-f,writing board,I. lavagna;
blacco; blacca; blacque,ˈblakːʊ; ˈblakːɐ; ˈblakːə,adj,white,VL. blancus; blanca; blancum;
cappan; cappana,kɐˈpːan; kɐˈpːanɐ,n-f,large bell,LL. campāna;
cappanell; cappanella,kɐpːɐˈnɛlː; kɐpːɐˈnɛlːɐ,n-f,small bell,campan; campana + -ell; -ella;
soss; sono,sɔsː; ˈsɔnʊ,n-m,sound; noise,L. sonus;
studi; stuzze,ˈʃtudɪ; ˈʃtʊzːə,n-n,study,L. studium;
manualo; manuala; manuale,maˈnwalʊ; maˈnwalɐ; maˈnwalə,adj,manual; by hand,L. manuālis; manuāle;
proposisso; proposissone,propʊˈsɪsːʊ; propʊˈsɪsːʊnə,n-n,proposition,L. prōpositiō;
penies; penio,ˈpeɲəs; ˈpeɲʊ,n-m,pledge; mortgage,L. pignus;
seniefeco; seniefecar,seˈɲefəkʊ; seˈɲefəkɐr,v-a,to mean; signify,L. significāre;
femell; femella,feˈmɛlː; feˈmɛlːɐ,n-f,female,L. fēmella;
adouto; adouta; adoute,aˈdoutʊ; aˈdoutɐ; aˈdoutə,adj,adult,L. adultus; adulta; adultum;
adouss; adouto,aˈdoʊsː; aˈdoutʊ,n-m,male adult,L. adultus;
adout; adouta,aˈdout; aˈdoutɐ,n-f,female adult,L. adulta;
adout; adoute,aˈdout; aˈdoutə,n-n,adult of unspecified gender,L. adultum;
gallin; gallina,gɐˈlːin; gɐˈlːinɐ,n-f,hen,L. gallīna;
poll; polle,pɔlː; ˈpɔlːə,n-n,chicken,L. pullus; with declension change;
cox; coco,kɔʃ; ˈkɔkʊ,n-m,rooster; cock; male chicken,F. coq;
Ustax; Ustacia,uˈʃtaʃ; uˈʃtaʃɐ,n-f,member of the Ustaše; Croatian/Illyrian fascist; oppressor,SC. ȕstaše;
cascer; castro,ˈkɐʃːər; ˈkaʃtrʊ,n-m,cancer; tumor,L. cancer;
narodos,naˈrodʊs,npl-m,people; nation,PS. nȃrodъ|naròdъ;
mebber; mebbre,ˈmɛbːər; ˈmɛbːrə,n-n,member; participant,L. membrum;
cuase,ˈkwasə,adv,soon; almost; nearly,L. quasi;
batto; batter,ˈbɐtːʊ; ˈbɐtːər,v-e,to beat; fight; combat,LL. battere;
raro; rara; rare,ˈrarʊ; ˈrarɐ; ˈrarə,adj,rare; seldom; uncommon,L. rārus; rāra; rārum;
serpo; serpar,ˈsɛrpʊ; ˈsɛrpɐr,v-a,to slither; slide,serp; serpe + -ar; as P. serpear and S. reptar;
vene; venene,vɛˈne; vɛˈnenə,n-n,poison; venom,L. venēnum;
venenoso; venenosa; venenose,vɛneˈnosʊ; vɛneˈnosɐ; vɛneˈnosə,adj,poisonous; venomous; toxic,L. venēnōsus; venēnōsa; venēnōsum;
squam; squama,ʃkwam; ˈʃkwamɐ,n-f,scale [of a fish/reptile],L. squāma;
mors; morso,mɔrs; ˈmɔrsʊ,n-m,bite; as of an animal,L. morsus;
crass; crabo,krɐsː; ˈkrabʊ,n-m,crab,F. crabe;
armato; armata; armate,arˈmatʊ; arˈmatɐ; arˈmatə,adj,armed; equipped,L. armātus; armāta; armātum;
armat; armata,arˈmat; arˈmatɐ,n-f,army; military,L. armāta; as F. armée; I. armata; and S. armada;
cuartaus; cuartalo,kwarˈtɔs; kwarˈtalʊ,n-m,quarter; district,Russian кварта́л;
settette; settessa,sɛˈtːɛtːə; sɛˈtːɛsːɐ,n-f,sentence; verdict,L. sententia;
serves; servo,ˈsɛrvəs; ˈsɛrvʊ,n-m,male servant; attendant,L. servus;
serv; serva,sɛrv; ˈsɛrvɐ,n-f,female servant; attendant,L. serva;
serv; serve,sɛrv; ˈsɛrvə,n-n,servant or attendant of unspecified gender,neuter of serves; servo and serv; serva;
moderno; moderna; moderne,moˈdernʊ; moˈdernɐ; moˈdernə,adj,modern,L. modernus; moderna; modernum;
delex; delecia,deˈleʃ; deˈleʃɐ,n-f,delight,L. dēliciae;
delecio; deleciar,deˈleʃʊ; deˈleʃɐr,v-a,to delight,delex; delecia + -ar; as I. deliziàre;
onor; onore,ɔˈnɔr; ɔˈnɔrə,n-n,honor,L. honor;
crido; cridar,ˈkridʊ; ˈkridɐr,v-a,to shout; scream; cry [out]; yell,I. gridàre;
criss; crido,krɪsː; ˈkridʊ,n-m,shout; scream; cry; yell,I. grido; S. grito; P. grito;
avios; avio,aˈvjos; aˈvjo,n-m,airplane; aircraft,F. avion;
assenio; asseniar,ɐˈsːeɲʊ; ɐˈsːeɲɐr,v-a,to appoint; assign,L. assignāre;
trabos; trabo,traˈbos; traˈbo,n-m,belly; stomach,PS. trьbűxъ;
tatuages; tatuagio,taˈtwaʒəs; taˈtwaʒʊ,n-m,tattoo,F. tatouage;
tatuagio; tatuagiar,taˈtwaʒʊ; taˈtwaʒɐr,v-a,to tattoo,tatuages; tatuagio + -ar;
(se) tatuagio; tatuagiar,taˈtwaʒʊ; taˈtwaʒɐr,v-a,to get tattooed,tatuages; tatuagio + -ar;
casso; cassone,ˈkɐsːʊ; ˈkɐsːʊnə,n-n,song; singing; playing,L. cantiō;
catto; cattar,ˈkɐtːʊ; ˈkɐtːɐr,v-a,to sing,L. cantāre;
temat; temata,tɛˈmat; tɛˈmatɐ,n-n,theme; topic,L. thema(ta);
favor; favore,faˈvɔr; faˈvɔrə,n-n,favor,L. favor;
favoro; favorir,faˈvɔrʊ; faˈvɔrɪr,v-i,to favor,I. favorìre;
favoreto; favoreta; favorete,favɔˈretʊ; favɔˈretɐ; favɔˈretə,adj,favored; preferred; liked; wanted,favorir + -eto; -eta; -ete;
favoress; favoreto,favɔˈrɛsː; favɔˈretʊ,n-m,male favorite; [colloquial] male significant other,favoreto;
favoret; favoreta,favɔˈret; favɔˈretɐ,n-f,female favorite; [colloquial] female significant other,favoreta;
favoret; favorete,favɔˈret; favɔˈretə,n-n,favorite of unspecified gender; [colloquial] significant other of unspecified gender,favorete;
affligo; affliguer,ɐˈfːligʊ; ɐˈfːligər,v-e,to trouble; harass; annoy; plague; torment; afflict,L. afflīgere;
nemes; nemese,ˈnɛməs; ˈnɛməsə,n-n,archenemy; nemesis,L. nemesis;
regalo; regalar,ˈregɐlʊ; ˈregɐlɐr,v-a,to gift; present; donate,I. regalàre;
veddo; vedder,ˈvɛdːʊ; ˈvɛdːər,v-e,to sell,L. vēndere;
clarciec; clarcieca,ˈklarʃək; ˈklarʃəkɐ,n-f,harp,Irish cláirseach; on request of Fridge
afix; afice,aˈfiʃ; aˈfiʃə,n-n,poster; advertisement,R. afiș;
kun; kuna,kun; ˈkunɐ,n-f,kuna (Croatian currency),SC. kúna;
de svore,də ˈʃvorə,prep,in a row; consecutively,de svore;
fras; frase,fras; ˈfrasə,n-n,sentence; diction,LL. phrasis;
cocio; cocia; coce,ˈkɔʃʊ; ˈkɔʃɐ; ˈkɔʃə,adj,cooked; baked; ripened,L. coctus; cocta; coctum;
bescox; bescocio,bɛˈʃkoʃ; bɛˈʃkoʃʊ,n-m,biscuit,L. bis coctus;
ven faceto; ven faceta; ven facete,vɛfːaˈʃetʊ; vɛfːaˈʃetɐ; vɛfːaˈʃetə,interj,well done; nicely done,ven faceto/a/e; as I. benfatto and S. bien hecho;
cotteno; cottenuar,kɔˈtːenʊ; kɔˈtːenwɐr,v-a,to proceed; continue,L. continuāre;
cattur; cattura,kɐˈtːur; kɐˈtːurɐ,n-f,capture; catch; take,L. captūra;
ecrass; ecrano,eˈkrɐsː; eˈkranʊ,n-m,screen; as of an electronic device,SC. èkrān;
cattur d'ecrani; cattura d'ecrani,kɐˈtːur deˈkranɪ; kɐˈtːurɐ deˈkranɪ,n-f,screenshot; screen capture,cattur d'ecrani; as F. capture d'écran; S. captura de pantalla and P. captura de ecrã;
ploj; ploja,plɔʒ; ˈplɔʒɐ,n-f,rain,VL. ploia;
máis; maio,mais; ˈmajʊ,n-m,maize; corn,I. mais; nom has homograph: mais (but)
cresco; crescer,ˈkreʃkʊ; ˈkrɛʃːər,v-e,to grow,L. crēscere;
uisqui,ˈwiʃki,n-x,whiskey,E. whiskey; I. whisky; and P. uísque;
uss; uso,ʊsː; ˈusʊ,n-m,use; employment,L. ūsus;
uso; usar,ˈusʊ; ˈusɐr,v-a,to use; employ,ML. ūsāre;
giallo; gialla; gialle,ˈʒɐlːʊ; ˈʒɐlːɐ; ˈʒɐlːə,adj,yellow,I. giallo; gialla;
pouvo; pouva; pouve,ˈpouvʊ; ˈpouvɐ; ˈpouvə,adj,blue,PS. polvъ;
naraggio; naraggia; naraggie,naˈrɐʒːʊ; naˈrɐʒːɐ; naˈrɐʒːə,adj,orange,S. naranja;
cass; cappo,kɐsː; ˈkɐpːʊ,n-m,field,L. campus; homophone: cass (male cat)
jadrasco; jadrasca; jadrasque,ʒaˈdraʃkʊ; ʒaˈdraʃkɐ; ʒaˈdraʃkə,adj,Adriatic,SC. jȁdrānskī;
Mar Jadrasque; Mare Jadrasque,mar ʒaˈdraʃkə; ˈmarə ʒaˈdraʃkə,n-n,Adriatic Sea,Mar Jadrasque;
(se) levo; levar,ˈlɛvʊ; ˈlɛvɐr,v-a,to wake up,reflexive of levar;
bux; buco,buʃ; ˈbukʊ,n-m,hole; gap,I. buco;
